Anger\10_cam1_1,10,1,0,91
Anger\10_cam1_10,10,1,0,91
Anger\10_cam1_11,10,1,0,91
Anger\10_cam1_12,10,1,0,91
Anger\10_cam1_13,10,1,0,91
Anger\10_cam1_14,10,1,0,91
Anger\10_cam1_2,10,1,0,91
Anger\10_cam1_3,10,1,0,91
Anger\10_cam1_4,10,1,0,91
Anger\10_cam1_5,10,1,0,91
Anger\10_cam1_6,10,1,0,91
Anger\10_cam1_7,10,1,0,91
Anger\10_cam1_8,10,1,0,91
Anger\10_cam1_9,10,1,0,91
Anger\10_cam2_1,10,2,0,91
Anger\10_cam2_10,10,2,0,91
Anger\10_cam2_11,10,2,0,91
Anger\10_cam2_12,10,2,0,91
Anger\10_cam2_13,10,2,0,91
Anger\10_cam2_14,10,2,0,91
Anger\10_cam2_2,10,2,0,91
Anger\10_cam2_3,10,2,0,91
Anger\10_cam2_4,10,2,0,91
Anger\10_cam2_5,10,2,0,91
Anger\10_cam2_6,10,2,0,91
Anger\10_cam2_7,10,2,0,91
Anger\10_cam2_8,10,2,0,91
Anger\10_cam2_9,10,2,0,91
Anger\10_cam3_1,10,3,0,91
Anger\10_cam3_10,10,3,0,91
Anger\10_cam3_11,10,3,0,91
Anger\10_cam3_12,10,3,0,91
Anger\10_cam3_13,10,3,0,91
Anger\10_cam3_14,10,3,0,91
Anger\10_cam3_2,10,3,0,91
Anger\10_cam3_3,10,3,0,91
Anger\10_cam3_4,10,3,0,91
Anger\10_cam3_5,10,3,0,91
Anger\10_cam3_6,10,3,0,91
Anger\10_cam3_7,10,3,0,91
Anger\10_cam3_8,10,3,0,91
Anger\10_cam3_9,10,3,0,91
Anger\10_cam4_1,10,4,0,91
Anger\10_cam4_10,10,4,0,91
Anger\10_cam4_11,10,4,0,91
Anger\10_cam4_12,10,4,0,91
Anger\10_cam4_13,10,4,0,91
Anger\10_cam4_14,10,4,0,91
Anger\10_cam4_2,10,4,0,91
Anger\10_cam4_3,10,4,0,91
Anger\10_cam4_4,10,4,0,91
Anger\10_cam4_5,10,4,0,91
Anger\10_cam4_6,10,4,0,91
Anger\10_cam4_7,10,4,0,91
Anger\10_cam4_8,10,4,0,91
Anger\10_cam4_9,10,4,0,91
Anger\10_cam5_1,10,5,0,91
Anger\10_cam5_10,10,5,0,91
Anger\10_cam5_11,10,5,0,91
Anger\10_cam5_12,10,5,0,91
Anger\10_cam5_13,10,5,0,91
Anger\10_cam5_14,10,5,0,91
Anger\10_cam5_2,10,5,0,91
Anger\10_cam5_3,10,5,0,91
Anger\10_cam5_4,10,5,0,91
Anger\10_cam5_5,10,5,0,91
Anger\10_cam5_6,10,5,0,91
Anger\10_cam5_7,10,5,0,91
Anger\10_cam5_8,10,5,0,91
Anger\10_cam5_9,10,5,0,91
Anger\10_cam6_1,10,6,0,91
Anger\10_cam6_10,10,6,0,91
Anger\10_cam6_11,10,6,0,91
Anger\10_cam6_12,10,6,0,91
Anger\10_cam6_13,10,6,0,91
Anger\10_cam6_14,10,6,0,91
Anger\10_cam6_2,10,6,0,91
Anger\10_cam6_3,10,6,0,91
Anger\10_cam6_4,10,6,0,91
Anger\10_cam6_5,10,6,0,91
Anger\10_cam6_6,10,6,0,91
Anger\10_cam6_7,10,6,0,91
Anger\10_cam6_8,10,6,0,91
Anger\10_cam6_9,10,6,0,91
Anger\10_cam7_1,10,7,0,91
Anger\10_cam7_10,10,7,0,91
Anger\10_cam7_11,10,7,0,91
Anger\10_cam7_12,10,7,0,91
Anger\10_cam7_13,10,7,0,91
Anger\10_cam7_14,10,7,0,91
Anger\10_cam7_2,10,7,0,91
Anger\10_cam7_3,10,7,0,91
Anger\10_cam7_4,10,7,0,91
Anger\10_cam7_5,10,7,0,91
Anger\10_cam7_6,10,7,0,91
Anger\10_cam7_7,10,7,0,91
Anger\10_cam7_8,10,7,0,91
Anger\10_cam7_9,10,7,0,91
Disgust\10_cam1_1,10,1,1,91
Disgust\10_cam1_2,10,1,1,91
Disgust\10_cam2_1,10,2,1,91
Disgust\10_cam2_2,10,2,1,91
Disgust\10_cam3_1,10,3,1,91
Disgust\10_cam3_2,10,3,1,91
Disgust\10_cam4_1,10,4,1,91
Disgust\10_cam4_2,10,4,1,91
Disgust\10_cam5_1,10,5,1,91
Disgust\10_cam5_2,10,5,1,91
Disgust\10_cam6_1,10,6,1,91
Disgust\10_cam6_2,10,6,1,91
Disgust\10_cam7_1,10,7,1,91
Disgust\10_cam7_2,10,7,1,91
Fear\10_cam1_1,10,1,2,91
Fear\10_cam1_2,10,1,2,91
Fear\10_cam1_3,10,1,2,91
Fear\10_cam1_4,10,1,2,91
Fear\10_cam1_5,10,1,2,91
Fear\10_cam1_6,10,1,2,91
Fear\10_cam1_7,10,1,2,91
Fear\10_cam2_1,10,2,2,91
Fear\10_cam2_2,10,2,2,91
Fear\10_cam2_3,10,2,2,91
Fear\10_cam2_4,10,2,2,91
Fear\10_cam2_5,10,2,2,91
Fear\10_cam2_6,10,2,2,91
Fear\10_cam2_7,10,2,2,91
Fear\10_cam3_1,10,3,2,91
Fear\10_cam3_2,10,3,2,91
Fear\10_cam3_3,10,3,2,91
Fear\10_cam3_4,10,3,2,91
Fear\10_cam3_5,10,3,2,91
Fear\10_cam3_6,10,3,2,91
Fear\10_cam3_7,10,3,2,91
Fear\10_cam4_1,10,4,2,91
Fear\10_cam4_2,10,4,2,91
Fear\10_cam4_3,10,4,2,91
Fear\10_cam4_4,10,4,2,91
Fear\10_cam4_5,10,4,2,91
Fear\10_cam4_6,10,4,2,91
Fear\10_cam4_7,10,4,2,91
Fear\10_cam5_1,10,5,2,91
Fear\10_cam5_2,10,5,2,91
Fear\10_cam5_3,10,5,2,91
Fear\10_cam5_4,10,5,2,91
Fear\10_cam5_5,10,5,2,91
Fear\10_cam5_6,10,5,2,91
Fear\10_cam5_7,10,5,2,91
Fear\10_cam6_1,10,6,2,91
Fear\10_cam6_2,10,6,2,91
Fear\10_cam6_3,10,6,2,91
Fear\10_cam6_4,10,6,2,91
Fear\10_cam6_5,10,6,2,91
Fear\10_cam6_6,10,6,2,91
Fear\10_cam6_7,10,6,2,91
Fear\10_cam7_1,10,7,2,91
Fear\10_cam7_2,10,7,2,91
Fear\10_cam7_3,10,7,2,91
Fear\10_cam7_4,10,7,2,91
Fear\10_cam7_5,10,7,2,91
Fear\10_cam7_6,10,7,2,91
Fear\10_cam7_7,10,7,2,91
Happy\10_cam1_1,10,1,3,91
Happy\10_cam1_2,10,1,3,91
Happy\10_cam1_3,10,1,3,91
Happy\10_cam1_4,10,1,3,91
Happy\10_cam1_5,10,1,3,91
Happy\10_cam1_6,10,1,3,91
Happy\10_cam1_7,10,1,3,91
Happy\10_cam1_8,10,1,3,91
Happy\10_cam2_1,10,2,3,91
Happy\10_cam2_2,10,2,3,91
Happy\10_cam2_3,10,2,3,91
Happy\10_cam2_4,10,2,3,91
Happy\10_cam2_5,10,2,3,91
Happy\10_cam2_6,10,2,3,91
Happy\10_cam2_7,10,2,3,91
Happy\10_cam2_8,10,2,3,91
Happy\10_cam3_1,10,3,3,91
Happy\10_cam3_2,10,3,3,91
Happy\10_cam3_3,10,3,3,91
Happy\10_cam3_4,10,3,3,91
Happy\10_cam3_5,10,3,3,91
Happy\10_cam3_6,10,3,3,91
Happy\10_cam3_7,10,3,3,91
Happy\10_cam3_8,10,3,3,91
Happy\10_cam4_1,10,4,3,91
Happy\10_cam4_2,10,4,3,91
Happy\10_cam4_3,10,4,3,91
Happy\10_cam4_4,10,4,3,91
Happy\10_cam4_5,10,4,3,91
Happy\10_cam4_6,10,4,3,91
Happy\10_cam4_7,10,4,3,91
Happy\10_cam4_8,10,4,3,91
Happy\10_cam5_1,10,5,3,91
Happy\10_cam5_2,10,5,3,91
Happy\10_cam5_3,10,5,3,91
Happy\10_cam5_4,10,5,3,91
Happy\10_cam5_5,10,5,3,91
Happy\10_cam5_6,10,5,3,91
Happy\10_cam5_7,10,5,3,91
Happy\10_cam5_8,10,5,3,91
Happy\10_cam6_1,10,6,3,91
Happy\10_cam6_2,10,6,3,91
Happy\10_cam6_3,10,6,3,91
Happy\10_cam6_4,10,6,3,91
Happy\10_cam6_5,10,6,3,91
Happy\10_cam6_6,10,6,3,91
Happy\10_cam6_7,10,6,3,91
Happy\10_cam6_8,10,6,3,91
Happy\10_cam7_1,10,7,3,91
Happy\10_cam7_2,10,7,3,91
Happy\10_cam7_3,10,7,3,91
Happy\10_cam7_4,10,7,3,91
Happy\10_cam7_5,10,7,3,91
Happy\10_cam7_6,10,7,3,91
Happy\10_cam7_7,10,7,3,91
Happy\10_cam7_8,10,7,3,91
Neutral\10_cam1_1,10,1,4,91
Neutral\10_cam1_2,10,1,4,91
Neutral\10_cam1_3,10,1,4,91
Neutral\10_cam1_4,10,1,4,91
Neutral\10_cam1_5,10,1,4,91
Neutral\10_cam1_6,10,1,4,91
Neutral\10_cam1_7,10,1,4,91
Neutral\10_cam1_8,10,1,4,91
Neutral\10_cam2_1,10,2,4,91
Neutral\10_cam2_2,10,2,4,91
Neutral\10_cam2_3,10,2,4,91
Neutral\10_cam2_4,10,2,4,91
Neutral\10_cam2_5,10,2,4,91
Neutral\10_cam2_6,10,2,4,91
Neutral\10_cam2_7,10,2,4,91
Neutral\10_cam2_8,10,2,4,91
Neutral\10_cam3_1,10,3,4,91
Neutral\10_cam3_2,10,3,4,91
Neutral\10_cam3_3,10,3,4,91
Neutral\10_cam3_4,10,3,4,91
Neutral\10_cam3_5,10,3,4,91
Neutral\10_cam3_6,10,3,4,91
Neutral\10_cam3_7,10,3,4,91
Neutral\10_cam3_8,10,3,4,91
Neutral\10_cam4_1,10,4,4,91
Neutral\10_cam4_2,10,4,4,91
Neutral\10_cam4_3,10,4,4,91
Neutral\10_cam4_4,10,4,4,91
Neutral\10_cam4_5,10,4,4,91
Neutral\10_cam4_6,10,4,4,91
Neutral\10_cam4_7,10,4,4,91
Neutral\10_cam4_8,10,4,4,91
Neutral\10_cam5_1,10,5,4,91
Neutral\10_cam5_2,10,5,4,91
Neutral\10_cam5_3,10,5,4,91
Neutral\10_cam5_4,10,5,4,91
Neutral\10_cam5_5,10,5,4,91
Neutral\10_cam5_6,10,5,4,91
Neutral\10_cam5_7,10,5,4,91
Neutral\10_cam5_8,10,5,4,91
Neutral\10_cam6_1,10,6,4,91
Neutral\10_cam6_2,10,6,4,91
Neutral\10_cam6_3,10,6,4,91
Neutral\10_cam6_4,10,6,4,91
Neutral\10_cam6_5,10,6,4,91
Neutral\10_cam6_6,10,6,4,91
Neutral\10_cam6_7,10,6,4,91
Neutral\10_cam6_8,10,6,4,91
Neutral\10_cam7_1,10,7,4,91
Neutral\10_cam7_2,10,7,4,91
Neutral\10_cam7_3,10,7,4,91
Neutral\10_cam7_4,10,7,4,91
Neutral\10_cam7_5,10,7,4,91
Neutral\10_cam7_6,10,7,4,91
Neutral\10_cam7_7,10,7,4,91
Neutral\10_cam7_8,10,7,4,91
Sad\10_cam1_1,10,1,5,91
Sad\10_cam1_10,10,1,5,91
Sad\10_cam1_11,10,1,5,91
Sad\10_cam1_12,10,1,5,91
Sad\10_cam1_13,10,1,5,91
Sad\10_cam1_14,10,1,5,91
Sad\10_cam1_15,10,1,5,91
Sad\10_cam1_16,10,1,5,91
Sad\10_cam1_2,10,1,5,91
Sad\10_cam1_3,10,1,5,91
Sad\10_cam1_4,10,1,5,91
Sad\10_cam1_5,10,1,5,91
Sad\10_cam1_6,10,1,5,91
Sad\10_cam1_7,10,1,5,91
Sad\10_cam1_8,10,1,5,91
Sad\10_cam1_9,10,1,5,91
Sad\10_cam2_1,10,2,5,91
Sad\10_cam2_10,10,2,5,91
Sad\10_cam2_11,10,2,5,91
Sad\10_cam2_12,10,2,5,91
Sad\10_cam2_13,10,2,5,91
Sad\10_cam2_14,10,2,5,91
Sad\10_cam2_15,10,2,5,91
Sad\10_cam2_16,10,2,5,91
Sad\10_cam2_2,10,2,5,91
Sad\10_cam2_3,10,2,5,91
Sad\10_cam2_4,10,2,5,91
Sad\10_cam2_5,10,2,5,91
Sad\10_cam2_6,10,2,5,91
Sad\10_cam2_7,10,2,5,91
Sad\10_cam2_8,10,2,5,91
Sad\10_cam2_9,10,2,5,91
Sad\10_cam3_1,10,3,5,91
Sad\10_cam3_10,10,3,5,91
Sad\10_cam3_11,10,3,5,91
Sad\10_cam3_12,10,3,5,91
Sad\10_cam3_13,10,3,5,91
Sad\10_cam3_14,10,3,5,91
Sad\10_cam3_15,10,3,5,91
Sad\10_cam3_16,10,3,5,91
Sad\10_cam3_2,10,3,5,91
Sad\10_cam3_3,10,3,5,91
Sad\10_cam3_4,10,3,5,91
Sad\10_cam3_5,10,3,5,91
Sad\10_cam3_6,10,3,5,91
Sad\10_cam3_7,10,3,5,91
Sad\10_cam3_8,10,3,5,91
Sad\10_cam3_9,10,3,5,91
Sad\10_cam4_1,10,4,5,91
Sad\10_cam4_10,10,4,5,91
Sad\10_cam4_11,10,4,5,91
Sad\10_cam4_12,10,4,5,91
Sad\10_cam4_13,10,4,5,91
Sad\10_cam4_14,10,4,5,91
Sad\10_cam4_15,10,4,5,91
Sad\10_cam4_16,10,4,5,91
Sad\10_cam4_2,10,4,5,91
Sad\10_cam4_3,10,4,5,91
Sad\10_cam4_4,10,4,5,91
Sad\10_cam4_5,10,4,5,91
Sad\10_cam4_6,10,4,5,91
Sad\10_cam4_7,10,4,5,91
Sad\10_cam4_8,10,4,5,91
Sad\10_cam4_9,10,4,5,91
Sad\10_cam5_1,10,5,5,91
Sad\10_cam5_10,10,5,5,91
Sad\10_cam5_11,10,5,5,91
Sad\10_cam5_12,10,5,5,91
Sad\10_cam5_13,10,5,5,91
Sad\10_cam5_14,10,5,5,91
Sad\10_cam5_15,10,5,5,91
Sad\10_cam5_16,10,5,5,91
Sad\10_cam5_2,10,5,5,91
Sad\10_cam5_3,10,5,5,91
Sad\10_cam5_4,10,5,5,91
Sad\10_cam5_5,10,5,5,91
Sad\10_cam5_6,10,5,5,91
Sad\10_cam5_7,10,5,5,91
Sad\10_cam5_8,10,5,5,91
Sad\10_cam5_9,10,5,5,91
Sad\10_cam6_1,10,6,5,91
Sad\10_cam6_10,10,6,5,91
Sad\10_cam6_11,10,6,5,91
Sad\10_cam6_12,10,6,5,91
Sad\10_cam6_13,10,6,5,91
Sad\10_cam6_14,10,6,5,91
Sad\10_cam6_15,10,6,5,91
Sad\10_cam6_16,10,6,5,91
Sad\10_cam6_2,10,6,5,91
Sad\10_cam6_3,10,6,5,91
Sad\10_cam6_4,10,6,5,91
Sad\10_cam6_5,10,6,5,91
Sad\10_cam6_6,10,6,5,91
Sad\10_cam6_7,10,6,5,91
Sad\10_cam6_8,10,6,5,91
Sad\10_cam6_9,10,6,5,91
Sad\10_cam7_1,10,7,5,91
Sad\10_cam7_10,10,7,5,91
Sad\10_cam7_11,10,7,5,91
Sad\10_cam7_12,10,7,5,91
Sad\10_cam7_13,10,7,5,91
Sad\10_cam7_14,10,7,5,91
Sad\10_cam7_15,10,7,5,91
Sad\10_cam7_16,10,7,5,91
Sad\10_cam7_2,10,7,5,91
Sad\10_cam7_3,10,7,5,91
Sad\10_cam7_4,10,7,5,91
Sad\10_cam7_5,10,7,5,91
Sad\10_cam7_6,10,7,5,91
Sad\10_cam7_7,10,7,5,91
Sad\10_cam7_8,10,7,5,91
Sad\10_cam7_9,10,7,5,91
Surprise\10_cam1_1,10,1,6,91
Surprise\10_cam1_10,10,1,6,91
Surprise\10_cam1_2,10,1,6,91
Surprise\10_cam1_3,10,1,6,91
Surprise\10_cam1_4,10,1,6,91
Surprise\10_cam1_5,10,1,6,91
Surprise\10_cam1_6,10,1,6,91
Surprise\10_cam1_7,10,1,6,91
Surprise\10_cam1_8,10,1,6,91
Surprise\10_cam1_9,10,1,6,91
Surprise\10_cam2_1,10,2,6,91
Surprise\10_cam2_10,10,2,6,91
Surprise\10_cam2_2,10,2,6,91
Surprise\10_cam2_3,10,2,6,91
Surprise\10_cam2_4,10,2,6,91
Surprise\10_cam2_5,10,2,6,91
Surprise\10_cam2_6,10,2,6,91
Surprise\10_cam2_7,10,2,6,91
Surprise\10_cam2_8,10,2,6,91
Surprise\10_cam2_9,10,2,6,91
Surprise\10_cam3_1,10,3,6,91
Surprise\10_cam3_10,10,3,6,91
Surprise\10_cam3_2,10,3,6,91
Surprise\10_cam3_3,10,3,6,91
Surprise\10_cam3_4,10,3,6,91
Surprise\10_cam3_5,10,3,6,91
Surprise\10_cam3_6,10,3,6,91
Surprise\10_cam3_7,10,3,6,91
Surprise\10_cam3_8,10,3,6,91
Surprise\10_cam3_9,10,3,6,91
Surprise\10_cam4_1,10,4,6,91
Surprise\10_cam4_10,10,4,6,91
Surprise\10_cam4_2,10,4,6,91
Surprise\10_cam4_3,10,4,6,91
Surprise\10_cam4_4,10,4,6,91
Surprise\10_cam4_5,10,4,6,91
Surprise\10_cam4_6,10,4,6,91
Surprise\10_cam4_7,10,4,6,91
Surprise\10_cam4_8,10,4,6,91
Surprise\10_cam4_9,10,4,6,91
Surprise\10_cam5_1,10,5,6,91
Surprise\10_cam5_10,10,5,6,91
Surprise\10_cam5_2,10,5,6,91
Surprise\10_cam5_3,10,5,6,91
Surprise\10_cam5_4,10,5,6,91
Surprise\10_cam5_5,10,5,6,91
Surprise\10_cam5_6,10,5,6,91
Surprise\10_cam5_7,10,5,6,91
Surprise\10_cam5_8,10,5,6,91
Surprise\10_cam5_9,10,5,6,91
Surprise\10_cam6_1,10,6,6,91
Surprise\10_cam6_10,10,6,6,91
Surprise\10_cam6_2,10,6,6,91
Surprise\10_cam6_3,10,6,6,91
Surprise\10_cam6_4,10,6,6,91
Surprise\10_cam6_5,10,6,6,91
Surprise\10_cam6_6,10,6,6,91
Surprise\10_cam6_7,10,6,6,91
Surprise\10_cam6_8,10,6,6,91
Surprise\10_cam6_9,10,6,6,91
Surprise\10_cam7_1,10,7,6,91
Surprise\10_cam7_10,10,7,6,91
Surprise\10_cam7_2,10,7,6,91
Surprise\10_cam7_3,10,7,6,91
Surprise\10_cam7_4,10,7,6,91
Surprise\10_cam7_5,10,7,6,91
Surprise\10_cam7_6,10,7,6,91
Surprise\10_cam7_7,10,7,6,91
Surprise\10_cam7_8,10,7,6,91
Surprise\10_cam7_9,10,7,6,91
Anger\1_cam1_1,1,1,0,91
Anger\1_cam1_10,1,1,0,91
Anger\1_cam1_11,1,1,0,91
Anger\1_cam1_12,1,1,0,91
Anger\1_cam1_13,1,1,0,91
Anger\1_cam1_2,1,1,0,91
Anger\1_cam1_3,1,1,0,91
Anger\1_cam1_4,1,1,0,91
Anger\1_cam1_5,1,1,0,91
Anger\1_cam1_6,1,1,0,91
Anger\1_cam1_7,1,1,0,91
Anger\1_cam1_8,1,1,0,91
Anger\1_cam1_9,1,1,0,91
Anger\1_cam2_1,1,2,0,91
Anger\1_cam2_10,1,2,0,91
Anger\1_cam2_11,1,2,0,91
Anger\1_cam2_12,1,2,0,91
Anger\1_cam2_13,1,2,0,91
Anger\1_cam2_2,1,2,0,91
Anger\1_cam2_3,1,2,0,91
Anger\1_cam2_4,1,2,0,91
Anger\1_cam2_5,1,2,0,91
Anger\1_cam2_6,1,2,0,91
Anger\1_cam2_7,1,2,0,91
Anger\1_cam2_8,1,2,0,91
Anger\1_cam2_9,1,2,0,91
Anger\1_cam3_1,1,3,0,91
Anger\1_cam3_10,1,3,0,91
Anger\1_cam3_11,1,3,0,91
Anger\1_cam3_12,1,3,0,91
Anger\1_cam3_13,1,3,0,91
Anger\1_cam3_2,1,3,0,91
Anger\1_cam3_3,1,3,0,91
Anger\1_cam3_4,1,3,0,91
Anger\1_cam3_5,1,3,0,91
Anger\1_cam3_6,1,3,0,91
Anger\1_cam3_7,1,3,0,91
Anger\1_cam3_8,1,3,0,91
Anger\1_cam3_9,1,3,0,91
Anger\1_cam4_1,1,4,0,91
Anger\1_cam4_10,1,4,0,91
Anger\1_cam4_11,1,4,0,91
Anger\1_cam4_12,1,4,0,91
Anger\1_cam4_13,1,4,0,91
Anger\1_cam4_2,1,4,0,91
Anger\1_cam4_3,1,4,0,91
Anger\1_cam4_4,1,4,0,91
Anger\1_cam4_5,1,4,0,91
Anger\1_cam4_6,1,4,0,91
Anger\1_cam4_7,1,4,0,91
Anger\1_cam4_8,1,4,0,91
Anger\1_cam4_9,1,4,0,91
Anger\1_cam5_1,1,5,0,91
Anger\1_cam5_10,1,5,0,91
Anger\1_cam5_11,1,5,0,91
Anger\1_cam5_12,1,5,0,91
Anger\1_cam5_13,1,5,0,91
Anger\1_cam5_2,1,5,0,91
Anger\1_cam5_3,1,5,0,91
Anger\1_cam5_4,1,5,0,91
Anger\1_cam5_5,1,5,0,91
Anger\1_cam5_6,1,5,0,91
Anger\1_cam5_7,1,5,0,91
Anger\1_cam5_8,1,5,0,91
Anger\1_cam5_9,1,5,0,91
Anger\1_cam6_1,1,6,0,91
Anger\1_cam6_10,1,6,0,91
Anger\1_cam6_11,1,6,0,91
Anger\1_cam6_12,1,6,0,91
Anger\1_cam6_13,1,6,0,91
Anger\1_cam6_2,1,6,0,91
Anger\1_cam6_3,1,6,0,91
Anger\1_cam6_4,1,6,0,91
Anger\1_cam6_5,1,6,0,91
Anger\1_cam6_6,1,6,0,91
Anger\1_cam6_7,1,6,0,91
Anger\1_cam6_8,1,6,0,91
Anger\1_cam6_9,1,6,0,91
Anger\1_cam7_1,1,7,0,91
Anger\1_cam7_10,1,7,0,91
Anger\1_cam7_11,1,7,0,91
Anger\1_cam7_12,1,7,0,91
Anger\1_cam7_13,1,7,0,91
Anger\1_cam7_2,1,7,0,91
Anger\1_cam7_3,1,7,0,91
Anger\1_cam7_4,1,7,0,91
Anger\1_cam7_5,1,7,0,91
Anger\1_cam7_6,1,7,0,91
Anger\1_cam7_7,1,7,0,91
Anger\1_cam7_8,1,7,0,91
Anger\1_cam7_9,1,7,0,91
Disgust\1_cam1_1,1,1,1,91
Disgust\1_cam1_2,1,1,1,91
Disgust\1_cam2_1,1,2,1,91
Disgust\1_cam2_2,1,2,1,91
Disgust\1_cam3_1,1,3,1,91
Disgust\1_cam3_2,1,3,1,91
Disgust\1_cam4_1,1,4,1,91
Disgust\1_cam4_2,1,4,1,91
Disgust\1_cam5_1,1,5,1,91
Disgust\1_cam5_2,1,5,1,91
Disgust\1_cam6_1,1,6,1,91
Disgust\1_cam6_2,1,6,1,91
Disgust\1_cam7_1,1,7,1,91
Disgust\1_cam7_2,1,7,1,91
Fear\1_cam1_1,1,1,2,91
Fear\1_cam1_10,1,1,2,91
Fear\1_cam1_2,1,1,2,91
Fear\1_cam1_3,1,1,2,91
Fear\1_cam1_4,1,1,2,91
Fear\1_cam1_5,1,1,2,91
Fear\1_cam1_6,1,1,2,91
Fear\1_cam1_7,1,1,2,91
Fear\1_cam1_8,1,1,2,91
Fear\1_cam1_9,1,1,2,91
Fear\1_cam2_1,1,2,2,91
Fear\1_cam2_10,1,2,2,91
Fear\1_cam2_2,1,2,2,91
Fear\1_cam2_3,1,2,2,91
Fear\1_cam2_4,1,2,2,91
Fear\1_cam2_5,1,2,2,91
Fear\1_cam2_6,1,2,2,91
Fear\1_cam2_7,1,2,2,91
Fear\1_cam2_8,1,2,2,91
Fear\1_cam2_9,1,2,2,91
Fear\1_cam3_1,1,3,2,91
Fear\1_cam3_10,1,3,2,91
Fear\1_cam3_2,1,3,2,91
Fear\1_cam3_3,1,3,2,91
Fear\1_cam3_4,1,3,2,91
Fear\1_cam3_5,1,3,2,91
Fear\1_cam3_6,1,3,2,91
Fear\1_cam3_7,1,3,2,91
Fear\1_cam3_8,1,3,2,91
Fear\1_cam3_9,1,3,2,91
Fear\1_cam4_1,1,4,2,91
Fear\1_cam4_10,1,4,2,91
Fear\1_cam4_2,1,4,2,91
Fear\1_cam4_3,1,4,2,91
Fear\1_cam4_4,1,4,2,91
Fear\1_cam4_5,1,4,2,91
Fear\1_cam4_6,1,4,2,91
Fear\1_cam4_7,1,4,2,91
Fear\1_cam4_8,1,4,2,91
Fear\1_cam4_9,1,4,2,91
Fear\1_cam5_1,1,5,2,91
Fear\1_cam5_10,1,5,2,91
Fear\1_cam5_2,1,5,2,91
Fear\1_cam5_3,1,5,2,91
Fear\1_cam5_4,1,5,2,91
Fear\1_cam5_5,1,5,2,91
Fear\1_cam5_6,1,5,2,91
Fear\1_cam5_7,1,5,2,91
Fear\1_cam5_8,1,5,2,91
Fear\1_cam5_9,1,5,2,91
Fear\1_cam6_1,1,6,2,91
Fear\1_cam6_10,1,6,2,91
Fear\1_cam6_2,1,6,2,91
Fear\1_cam6_3,1,6,2,91
Fear\1_cam6_4,1,6,2,91
Fear\1_cam6_5,1,6,2,91
Fear\1_cam6_6,1,6,2,91
Fear\1_cam6_7,1,6,2,91
Fear\1_cam6_8,1,6,2,91
Fear\1_cam6_9,1,6,2,91
Fear\1_cam7_1,1,7,2,91
Fear\1_cam7_10,1,7,2,91
Fear\1_cam7_2,1,7,2,91
Fear\1_cam7_3,1,7,2,91
Fear\1_cam7_4,1,7,2,91
Fear\1_cam7_5,1,7,2,91
Fear\1_cam7_6,1,7,2,91
Fear\1_cam7_7,1,7,2,91
Fear\1_cam7_8,1,7,2,91
Fear\1_cam7_9,1,7,2,91
Happy\1_cam1_1,1,1,3,91
Happy\1_cam1_10,1,1,3,91
Happy\1_cam1_2,1,1,3,91
Happy\1_cam1_3,1,1,3,91
Happy\1_cam1_4,1,1,3,91
Happy\1_cam1_5,1,1,3,91
Happy\1_cam1_6,1,1,3,91
Happy\1_cam1_7,1,1,3,91
Happy\1_cam1_8,1,1,3,91
Happy\1_cam1_9,1,1,3,91
Happy\1_cam2_1,1,2,3,91
Happy\1_cam2_10,1,2,3,91
Happy\1_cam2_2,1,2,3,91
Happy\1_cam2_3,1,2,3,91
Happy\1_cam2_4,1,2,3,91
Happy\1_cam2_5,1,2,3,91
Happy\1_cam2_6,1,2,3,91
Happy\1_cam2_7,1,2,3,91
Happy\1_cam2_8,1,2,3,91
Happy\1_cam2_9,1,2,3,91
Happy\1_cam3_1,1,3,3,91
Happy\1_cam3_10,1,3,3,91
Happy\1_cam3_2,1,3,3,91
Happy\1_cam3_3,1,3,3,91
Happy\1_cam3_4,1,3,3,91
Happy\1_cam3_5,1,3,3,91
Happy\1_cam3_6,1,3,3,91
Happy\1_cam3_7,1,3,3,91
Happy\1_cam3_8,1,3,3,91
Happy\1_cam3_9,1,3,3,91
Happy\1_cam4_1,1,4,3,91
Happy\1_cam4_10,1,4,3,91
Happy\1_cam4_2,1,4,3,91
Happy\1_cam4_3,1,4,3,91
Happy\1_cam4_4,1,4,3,91
Happy\1_cam4_5,1,4,3,91
Happy\1_cam4_6,1,4,3,91
Happy\1_cam4_7,1,4,3,91
Happy\1_cam4_8,1,4,3,91
Happy\1_cam4_9,1,4,3,91
Happy\1_cam5_1,1,5,3,91
Happy\1_cam5_10,1,5,3,91
Happy\1_cam5_2,1,5,3,91
Happy\1_cam5_3,1,5,3,91
Happy\1_cam5_4,1,5,3,91
Happy\1_cam5_5,1,5,3,91
Happy\1_cam5_6,1,5,3,91
Happy\1_cam5_7,1,5,3,91
Happy\1_cam5_8,1,5,3,91
Happy\1_cam5_9,1,5,3,91
Happy\1_cam6_1,1,6,3,91
Happy\1_cam6_10,1,6,3,91
Happy\1_cam6_2,1,6,3,91
Happy\1_cam6_3,1,6,3,91
Happy\1_cam6_4,1,6,3,91
Happy\1_cam6_5,1,6,3,91
Happy\1_cam6_6,1,6,3,91
Happy\1_cam6_7,1,6,3,91
Happy\1_cam6_8,1,6,3,91
Happy\1_cam6_9,1,6,3,91
Happy\1_cam7_1,1,7,3,91
Happy\1_cam7_10,1,7,3,91
Happy\1_cam7_2,1,7,3,91
Happy\1_cam7_3,1,7,3,91
Happy\1_cam7_4,1,7,3,91
Happy\1_cam7_5,1,7,3,91
Happy\1_cam7_6,1,7,3,91
Happy\1_cam7_7,1,7,3,91
Happy\1_cam7_8,1,7,3,91
Happy\1_cam7_9,1,7,3,91
Neutral\1_cam1_1,1,1,4,91
Neutral\1_cam1_2,1,1,4,91
Neutral\1_cam1_3,1,1,4,91
Neutral\1_cam1_4,1,1,4,91
Neutral\1_cam1_5,1,1,4,91
Neutral\1_cam1_6,1,1,4,91
Neutral\1_cam1_7,1,1,4,91
Neutral\1_cam1_8,1,1,4,91
Neutral\1_cam1_9,1,1,4,91
Neutral\1_cam2_1,1,2,4,91
Neutral\1_cam2_2,1,2,4,91
Neutral\1_cam2_3,1,2,4,91
Neutral\1_cam2_4,1,2,4,91
Neutral\1_cam2_5,1,2,4,91
Neutral\1_cam2_6,1,2,4,91
Neutral\1_cam2_7,1,2,4,91
Neutral\1_cam2_8,1,2,4,91
Neutral\1_cam2_9,1,2,4,91
Neutral\1_cam3_1,1,3,4,91
Neutral\1_cam3_2,1,3,4,91
Neutral\1_cam3_3,1,3,4,91
Neutral\1_cam3_4,1,3,4,91
Neutral\1_cam3_5,1,3,4,91
Neutral\1_cam3_6,1,3,4,91
Neutral\1_cam3_7,1,3,4,91
Neutral\1_cam3_8,1,3,4,91
Neutral\1_cam3_9,1,3,4,91
Neutral\1_cam4_1,1,4,4,91
Neutral\1_cam4_2,1,4,4,91
Neutral\1_cam4_3,1,4,4,91
Neutral\1_cam4_4,1,4,4,91
Neutral\1_cam4_5,1,4,4,91
Neutral\1_cam4_6,1,4,4,91
Neutral\1_cam4_7,1,4,4,91
Neutral\1_cam4_8,1,4,4,91
Neutral\1_cam4_9,1,4,4,91
Neutral\1_cam5_1,1,5,4,91
Neutral\1_cam5_2,1,5,4,91
Neutral\1_cam5_3,1,5,4,91
Neutral\1_cam5_4,1,5,4,91
Neutral\1_cam5_5,1,5,4,91
Neutral\1_cam5_6,1,5,4,91
Neutral\1_cam5_7,1,5,4,91
Neutral\1_cam5_8,1,5,4,91
Neutral\1_cam5_9,1,5,4,91
Neutral\1_cam6_1,1,6,4,91
Neutral\1_cam6_2,1,6,4,91
Neutral\1_cam6_3,1,6,4,91
Neutral\1_cam6_4,1,6,4,91
Neutral\1_cam6_5,1,6,4,91
Neutral\1_cam6_6,1,6,4,91
Neutral\1_cam6_7,1,6,4,91
Neutral\1_cam6_8,1,6,4,91
Neutral\1_cam6_9,1,6,4,91
Neutral\1_cam7_1,1,7,4,91
Neutral\1_cam7_2,1,7,4,91
Neutral\1_cam7_3,1,7,4,91
Neutral\1_cam7_4,1,7,4,91
Neutral\1_cam7_5,1,7,4,91
Neutral\1_cam7_6,1,7,4,91
Neutral\1_cam7_7,1,7,4,91
Neutral\1_cam7_8,1,7,4,91
Neutral\1_cam7_9,1,7,4,91
Sad\1_cam1_1,1,1,5,91
Sad\1_cam1_10,1,1,5,91
Sad\1_cam1_11,1,1,5,91
Sad\1_cam1_12,1,1,5,91
Sad\1_cam1_13,1,1,5,91
Sad\1_cam1_2,1,1,5,91
Sad\1_cam1_3,1,1,5,91
Sad\1_cam1_4,1,1,5,91
Sad\1_cam1_5,1,1,5,91
Sad\1_cam1_6,1,1,5,91
Sad\1_cam1_7,1,1,5,91
Sad\1_cam1_8,1,1,5,91
Sad\1_cam1_9,1,1,5,91
Sad\1_cam2_1,1,2,5,91
Sad\1_cam2_10,1,2,5,91
Sad\1_cam2_11,1,2,5,91
Sad\1_cam2_12,1,2,5,91
Sad\1_cam2_13,1,2,5,91
Sad\1_cam2_2,1,2,5,91
Sad\1_cam2_3,1,2,5,91
Sad\1_cam2_4,1,2,5,91
Sad\1_cam2_5,1,2,5,91
Sad\1_cam2_6,1,2,5,91
Sad\1_cam2_7,1,2,5,91
Sad\1_cam2_8,1,2,5,91
Sad\1_cam2_9,1,2,5,91
Sad\1_cam3_1,1,3,5,91
Sad\1_cam3_10,1,3,5,91
Sad\1_cam3_11,1,3,5,91
Sad\1_cam3_12,1,3,5,91
Sad\1_cam3_13,1,3,5,91
Sad\1_cam3_2,1,3,5,91
Sad\1_cam3_3,1,3,5,91
Sad\1_cam3_4,1,3,5,91
Sad\1_cam3_5,1,3,5,91
Sad\1_cam3_6,1,3,5,91
Sad\1_cam3_7,1,3,5,91
Sad\1_cam3_8,1,3,5,91
Sad\1_cam3_9,1,3,5,91
Sad\1_cam4_1,1,4,5,91
Sad\1_cam4_10,1,4,5,91
Sad\1_cam4_11,1,4,5,91
Sad\1_cam4_12,1,4,5,91
Sad\1_cam4_13,1,4,5,91
Sad\1_cam4_2,1,4,5,91
Sad\1_cam4_3,1,4,5,91
Sad\1_cam4_4,1,4,5,91
Sad\1_cam4_5,1,4,5,91
Sad\1_cam4_6,1,4,5,91
Sad\1_cam4_7,1,4,5,91
Sad\1_cam4_8,1,4,5,91
Sad\1_cam4_9,1,4,5,91
Sad\1_cam5_1,1,5,5,91
Sad\1_cam5_10,1,5,5,91
Sad\1_cam5_11,1,5,5,91
Sad\1_cam5_12,1,5,5,91
Sad\1_cam5_13,1,5,5,91
Sad\1_cam5_2,1,5,5,91
Sad\1_cam5_3,1,5,5,91
Sad\1_cam5_4,1,5,5,91
Sad\1_cam5_5,1,5,5,91
Sad\1_cam5_6,1,5,5,91
Sad\1_cam5_7,1,5,5,91
Sad\1_cam5_8,1,5,5,91
Sad\1_cam5_9,1,5,5,91
Sad\1_cam6_1,1,6,5,91
Sad\1_cam6_10,1,6,5,91
Sad\1_cam6_11,1,6,5,91
Sad\1_cam6_12,1,6,5,91
Sad\1_cam6_13,1,6,5,91
Sad\1_cam6_2,1,6,5,91
Sad\1_cam6_3,1,6,5,91
Sad\1_cam6_4,1,6,5,91
Sad\1_cam6_5,1,6,5,91
Sad\1_cam6_6,1,6,5,91
Sad\1_cam6_7,1,6,5,91
Sad\1_cam6_8,1,6,5,91
Sad\1_cam6_9,1,6,5,91
Sad\1_cam7_1,1,7,5,91
Sad\1_cam7_10,1,7,5,91
Sad\1_cam7_11,1,7,5,91
Sad\1_cam7_12,1,7,5,91
Sad\1_cam7_13,1,7,5,91
Sad\1_cam7_2,1,7,5,91
Sad\1_cam7_3,1,7,5,91
Sad\1_cam7_4,1,7,5,91
Sad\1_cam7_5,1,7,5,91
Sad\1_cam7_6,1,7,5,91
Sad\1_cam7_7,1,7,5,91
Sad\1_cam7_8,1,7,5,91
Sad\1_cam7_9,1,7,5,91
Surprise\1_cam1_1,1,1,6,91
Surprise\1_cam1_10,1,1,6,91
Surprise\1_cam1_11,1,1,6,91
Surprise\1_cam1_2,1,1,6,91
Surprise\1_cam1_3,1,1,6,91
Surprise\1_cam1_4,1,1,6,91
Surprise\1_cam1_5,1,1,6,91
Surprise\1_cam1_6,1,1,6,91
Surprise\1_cam1_7,1,1,6,91
Surprise\1_cam1_8,1,1,6,91
Surprise\1_cam1_9,1,1,6,91
Surprise\1_cam2_1,1,2,6,91
Surprise\1_cam2_10,1,2,6,91
Surprise\1_cam2_11,1,2,6,91
Surprise\1_cam2_2,1,2,6,91
Surprise\1_cam2_3,1,2,6,91
Surprise\1_cam2_4,1,2,6,91
Surprise\1_cam2_5,1,2,6,91
Surprise\1_cam2_6,1,2,6,91
Surprise\1_cam2_7,1,2,6,91
Surprise\1_cam2_8,1,2,6,91
Surprise\1_cam2_9,1,2,6,91
Surprise\1_cam3_1,1,3,6,91
Surprise\1_cam3_10,1,3,6,91
Surprise\1_cam3_11,1,3,6,91
Surprise\1_cam3_2,1,3,6,91
Surprise\1_cam3_3,1,3,6,91
Surprise\1_cam3_4,1,3,6,91
Surprise\1_cam3_5,1,3,6,91
Surprise\1_cam3_6,1,3,6,91
Surprise\1_cam3_7,1,3,6,91
Surprise\1_cam3_8,1,3,6,91
Surprise\1_cam3_9,1,3,6,91
Surprise\1_cam4_1,1,4,6,91
Surprise\1_cam4_10,1,4,6,91
Surprise\1_cam4_11,1,4,6,91
Surprise\1_cam4_2,1,4,6,91
Surprise\1_cam4_3,1,4,6,91
Surprise\1_cam4_4,1,4,6,91
Surprise\1_cam4_5,1,4,6,91
Surprise\1_cam4_6,1,4,6,91
Surprise\1_cam4_7,1,4,6,91
Surprise\1_cam4_8,1,4,6,91
Surprise\1_cam4_9,1,4,6,91
Surprise\1_cam5_1,1,5,6,91
Surprise\1_cam5_10,1,5,6,91
Surprise\1_cam5_11,1,5,6,91
Surprise\1_cam5_2,1,5,6,91
Surprise\1_cam5_3,1,5,6,91
Surprise\1_cam5_4,1,5,6,91
Surprise\1_cam5_5,1,5,6,91
Surprise\1_cam5_6,1,5,6,91
Surprise\1_cam5_7,1,5,6,91
Surprise\1_cam5_8,1,5,6,91
Surprise\1_cam5_9,1,5,6,91
Surprise\1_cam6_1,1,6,6,91
Surprise\1_cam6_10,1,6,6,91
Surprise\1_cam6_11,1,6,6,91
Surprise\1_cam6_2,1,6,6,91
Surprise\1_cam6_3,1,6,6,91
Surprise\1_cam6_4,1,6,6,91
Surprise\1_cam6_5,1,6,6,91
Surprise\1_cam6_6,1,6,6,91
Surprise\1_cam6_7,1,6,6,91
Surprise\1_cam6_8,1,6,6,91
Surprise\1_cam6_9,1,6,6,91
Surprise\1_cam7_1,1,7,6,91
Surprise\1_cam7_10,1,7,6,91
Surprise\1_cam7_11,1,7,6,91
Surprise\1_cam7_2,1,7,6,91
Surprise\1_cam7_3,1,7,6,91
Surprise\1_cam7_4,1,7,6,91
Surprise\1_cam7_5,1,7,6,91
Surprise\1_cam7_6,1,7,6,91
Surprise\1_cam7_7,1,7,6,91
Surprise\1_cam7_8,1,7,6,91
Surprise\1_cam7_9,1,7,6,91
Anger\2_cam1_1,2,1,0,91
Anger\2_cam1_2,2,1,0,91
Anger\2_cam1_3,2,1,0,91
Anger\2_cam1_4,2,1,0,91
Anger\2_cam2_1,2,2,0,91
Anger\2_cam2_2,2,2,0,91
Anger\2_cam2_3,2,2,0,91
Anger\2_cam2_4,2,2,0,91
Anger\2_cam3_1,2,3,0,91
Anger\2_cam3_2,2,3,0,91
Anger\2_cam3_3,2,3,0,91
Anger\2_cam3_4,2,3,0,91
Anger\2_cam4_1,2,4,0,91
Anger\2_cam4_2,2,4,0,91
Anger\2_cam4_3,2,4,0,91
Anger\2_cam4_4,2,4,0,91
Anger\2_cam5_1,2,5,0,91
Anger\2_cam5_2,2,5,0,91
Anger\2_cam5_3,2,5,0,91
Anger\2_cam5_4,2,5,0,91
Anger\2_cam6_1,2,6,0,91
Anger\2_cam6_2,2,6,0,91
Anger\2_cam6_3,2,6,0,91
Anger\2_cam6_4,2,6,0,91
Anger\2_cam7_1,2,7,0,91
Anger\2_cam7_2,2,7,0,91
Anger\2_cam7_3,2,7,0,91
Anger\2_cam7_4,2,7,0,91
Disgust\2_cam1_1,2,1,1,91
Disgust\2_cam1_2,2,1,1,91
Disgust\2_cam2_1,2,2,1,91
Disgust\2_cam2_2,2,2,1,91
Disgust\2_cam3_1,2,3,1,91
Disgust\2_cam3_2,2,3,1,91
Disgust\2_cam4_1,2,4,1,91
Disgust\2_cam4_2,2,4,1,91
Disgust\2_cam5_1,2,5,1,91
Disgust\2_cam5_2,2,5,1,91
Disgust\2_cam6_1,2,6,1,91
Disgust\2_cam6_2,2,6,1,91
Disgust\2_cam7_1,2,7,1,91
Disgust\2_cam7_2,2,7,1,91
Fear\2_cam1_1,2,1,2,91
Fear\2_cam1_2,2,1,2,91
Fear\2_cam1_3,2,1,2,91
Fear\2_cam1_4,2,1,2,91
Fear\2_cam2_1,2,2,2,91
Fear\2_cam2_2,2,2,2,91
Fear\2_cam2_3,2,2,2,91
Fear\2_cam2_4,2,2,2,91
Fear\2_cam3_1,2,3,2,91
Fear\2_cam3_2,2,3,2,91
Fear\2_cam3_3,2,3,2,91
Fear\2_cam3_4,2,3,2,91
Fear\2_cam4_1,2,4,2,91
Fear\2_cam4_2,2,4,2,91
Fear\2_cam4_3,2,4,2,91
Fear\2_cam4_4,2,4,2,91
Fear\2_cam5_1,2,5,2,91
Fear\2_cam5_2,2,5,2,91
Fear\2_cam5_3,2,5,2,91
Fear\2_cam5_4,2,5,2,91
Fear\2_cam6_1,2,6,2,91
Fear\2_cam6_2,2,6,2,91
Fear\2_cam6_3,2,6,2,91
Fear\2_cam6_4,2,6,2,91
Fear\2_cam7_1,2,7,2,91
Fear\2_cam7_2,2,7,2,91
Fear\2_cam7_3,2,7,2,91
Fear\2_cam7_4,2,7,2,91
Happy\2_cam1_1,2,1,3,91
Happy\2_cam1_2,2,1,3,91
Happy\2_cam1_3,2,1,3,91
Happy\2_cam2_1,2,2,3,91
Happy\2_cam2_2,2,2,3,91
Happy\2_cam2_3,2,2,3,91
Happy\2_cam3_1,2,3,3,91
Happy\2_cam3_2,2,3,3,91
Happy\2_cam3_3,2,3,3,91
Happy\2_cam4_1,2,4,3,91
Happy\2_cam4_2,2,4,3,91
Happy\2_cam4_3,2,4,3,91
Happy\2_cam5_1,2,5,3,91
Happy\2_cam5_2,2,5,3,91
Happy\2_cam5_3,2,5,3,91
Happy\2_cam6_1,2,6,3,91
Happy\2_cam6_2,2,6,3,91
Happy\2_cam6_3,2,6,3,91
Happy\2_cam7_1,2,7,3,91
Happy\2_cam7_2,2,7,3,91
Happy\2_cam7_3,2,7,3,91
Neutral\2_cam1_1,2,1,4,91
Neutral\2_cam1_2,2,1,4,91
Neutral\2_cam1_3,2,1,4,91
Neutral\2_cam1_4,2,1,4,91
Neutral\2_cam1_5,2,1,4,91
Neutral\2_cam1_6,2,1,4,91
Neutral\2_cam1_7,2,1,4,91
Neutral\2_cam2_1,2,2,4,91
Neutral\2_cam2_2,2,2,4,91
Neutral\2_cam2_3,2,2,4,91
Neutral\2_cam2_4,2,2,4,91
Neutral\2_cam2_5,2,2,4,91
Neutral\2_cam2_6,2,2,4,91
Neutral\2_cam2_7,2,2,4,91
Neutral\2_cam3_1,2,3,4,91
Neutral\2_cam3_2,2,3,4,91
Neutral\2_cam3_3,2,3,4,91
Neutral\2_cam3_4,2,3,4,91
Neutral\2_cam3_5,2,3,4,91
Neutral\2_cam3_6,2,3,4,91
Neutral\2_cam3_7,2,3,4,91
Neutral\2_cam4_1,2,4,4,91
Neutral\2_cam4_2,2,4,4,91
Neutral\2_cam4_3,2,4,4,91
Neutral\2_cam4_4,2,4,4,91
Neutral\2_cam4_5,2,4,4,91
Neutral\2_cam4_6,2,4,4,91
Neutral\2_cam4_7,2,4,4,91
Neutral\2_cam5_1,2,5,4,91
Neutral\2_cam5_2,2,5,4,91
Neutral\2_cam5_3,2,5,4,91
Neutral\2_cam5_4,2,5,4,91
Neutral\2_cam5_5,2,5,4,91
Neutral\2_cam5_6,2,5,4,91
Neutral\2_cam5_7,2,5,4,91
Neutral\2_cam6_1,2,6,4,91
Neutral\2_cam6_2,2,6,4,91
Neutral\2_cam6_3,2,6,4,91
Neutral\2_cam6_4,2,6,4,91
Neutral\2_cam6_5,2,6,4,91
Neutral\2_cam6_6,2,6,4,91
Neutral\2_cam6_7,2,6,4,91
Neutral\2_cam7_1,2,7,4,91
Neutral\2_cam7_2,2,7,4,91
Neutral\2_cam7_3,2,7,4,91
Neutral\2_cam7_4,2,7,4,91
Neutral\2_cam7_5,2,7,4,91
Neutral\2_cam7_6,2,7,4,91
Neutral\2_cam7_7,2,7,4,91
Sad\2_cam1_1,2,1,5,91
Sad\2_cam2_1,2,2,5,91
Sad\2_cam3_1,2,3,5,91
Sad\2_cam4_1,2,4,5,91
Sad\2_cam5_1,2,5,5,91
Sad\2_cam6_1,2,6,5,91
Sad\2_cam7_1,2,7,5,91
Surprise\2_cam1_1,2,1,6,91
Surprise\2_cam1_2,2,1,6,91
Surprise\2_cam2_1,2,2,6,91
Surprise\2_cam2_2,2,2,6,91
Surprise\2_cam3_1,2,3,6,91
Surprise\2_cam3_2,2,3,6,91
Surprise\2_cam4_1,2,4,6,91
Surprise\2_cam4_2,2,4,6,91
Surprise\2_cam5_1,2,5,6,91
Surprise\2_cam5_2,2,5,6,91
Surprise\2_cam6_1,2,6,6,91
Surprise\2_cam6_2,2,6,6,91
Surprise\2_cam7_1,2,7,6,91
Surprise\2_cam7_2,2,7,6,91
Anger\3_cam1_1,3,1,0,91
Anger\3_cam1_10,3,1,0,91
Anger\3_cam1_11,3,1,0,91
Anger\3_cam1_12,3,1,0,91
Anger\3_cam1_2,3,1,0,91
Anger\3_cam1_3,3,1,0,91
Anger\3_cam1_4,3,1,0,91
Anger\3_cam1_5,3,1,0,91
Anger\3_cam1_6,3,1,0,91
Anger\3_cam1_7,3,1,0,91
Anger\3_cam1_8,3,1,0,91
Anger\3_cam1_9,3,1,0,91
Anger\3_cam2_1,3,2,0,91
Anger\3_cam2_10,3,2,0,91
Anger\3_cam2_11,3,2,0,91
Anger\3_cam2_12,3,2,0,91
Anger\3_cam2_2,3,2,0,91
Anger\3_cam2_3,3,2,0,91
Anger\3_cam2_4,3,2,0,91
Anger\3_cam2_5,3,2,0,91
Anger\3_cam2_6,3,2,0,91
Anger\3_cam2_7,3,2,0,91
Anger\3_cam2_8,3,2,0,91
Anger\3_cam2_9,3,2,0,91
Anger\3_cam3_1,3,3,0,91
Anger\3_cam3_10,3,3,0,91
Anger\3_cam3_11,3,3,0,91
Anger\3_cam3_12,3,3,0,91
Anger\3_cam3_2,3,3,0,91
Anger\3_cam3_3,3,3,0,91
Anger\3_cam3_4,3,3,0,91
Anger\3_cam3_5,3,3,0,91
Anger\3_cam3_6,3,3,0,91
Anger\3_cam3_7,3,3,0,91
Anger\3_cam3_8,3,3,0,91
Anger\3_cam3_9,3,3,0,91
Anger\3_cam4_1,3,4,0,91
Anger\3_cam4_10,3,4,0,91
Anger\3_cam4_11,3,4,0,91
Anger\3_cam4_12,3,4,0,91
Anger\3_cam4_2,3,4,0,91
Anger\3_cam4_3,3,4,0,91
Anger\3_cam4_4,3,4,0,91
Anger\3_cam4_5,3,4,0,91
Anger\3_cam4_6,3,4,0,91
Anger\3_cam4_7,3,4,0,91
Anger\3_cam4_8,3,4,0,91
Anger\3_cam4_9,3,4,0,91
Anger\3_cam5_1,3,5,0,91
Anger\3_cam5_10,3,5,0,91
Anger\3_cam5_11,3,5,0,91
Anger\3_cam5_12,3,5,0,91
Anger\3_cam5_2,3,5,0,91
Anger\3_cam5_3,3,5,0,91
Anger\3_cam5_4,3,5,0,91
Anger\3_cam5_5,3,5,0,91
Anger\3_cam5_6,3,5,0,91
Anger\3_cam5_7,3,5,0,91
Anger\3_cam5_8,3,5,0,91
Anger\3_cam5_9,3,5,0,91
Anger\3_cam6_1,3,6,0,91
Anger\3_cam6_10,3,6,0,91
Anger\3_cam6_11,3,6,0,91
Anger\3_cam6_12,3,6,0,91
Anger\3_cam6_2,3,6,0,91
Anger\3_cam6_3,3,6,0,91
Anger\3_cam6_4,3,6,0,91
Anger\3_cam6_5,3,6,0,91
Anger\3_cam6_6,3,6,0,91
Anger\3_cam6_7,3,6,0,91
Anger\3_cam6_8,3,6,0,91
Anger\3_cam6_9,3,6,0,91
Anger\3_cam7_1,3,7,0,91
Anger\3_cam7_10,3,7,0,91
Anger\3_cam7_11,3,7,0,91
Anger\3_cam7_12,3,7,0,91
Anger\3_cam7_2,3,7,0,91
Anger\3_cam7_3,3,7,0,91
Anger\3_cam7_4,3,7,0,91
Anger\3_cam7_5,3,7,0,91
Anger\3_cam7_6,3,7,0,91
Anger\3_cam7_7,3,7,0,91
Anger\3_cam7_8,3,7,0,91
Anger\3_cam7_9,3,7,0,91
Disgust\3_cam1_1,3,1,1,91
Disgust\3_cam1_2,3,1,1,91
Disgust\3_cam2_1,3,2,1,91
Disgust\3_cam2_2,3,2,1,91
Disgust\3_cam3_1,3,3,1,91
Disgust\3_cam3_2,3,3,1,91
Disgust\3_cam4_1,3,4,1,91
Disgust\3_cam4_2,3,4,1,91
Disgust\3_cam5_1,3,5,1,91
Disgust\3_cam5_2,3,5,1,91
Disgust\3_cam6_1,3,6,1,91
Disgust\3_cam6_2,3,6,1,91
Disgust\3_cam7_1,3,7,1,91
Disgust\3_cam7_2,3,7,1,91
Fear\3_cam1_1,3,1,2,91
Fear\3_cam1_10,3,1,2,91
Fear\3_cam1_11,3,1,2,91
Fear\3_cam1_12,3,1,2,91
Fear\3_cam1_13,3,1,2,91
Fear\3_cam1_14,3,1,2,91
Fear\3_cam1_2,3,1,2,91
Fear\3_cam1_3,3,1,2,91
Fear\3_cam1_4,3,1,2,91
Fear\3_cam1_5,3,1,2,91
Fear\3_cam1_6,3,1,2,91
Fear\3_cam1_7,3,1,2,91
Fear\3_cam1_8,3,1,2,91
Fear\3_cam1_9,3,1,2,91
Fear\3_cam2_1,3,2,2,91
Fear\3_cam2_10,3,2,2,91
Fear\3_cam2_11,3,2,2,91
Fear\3_cam2_12,3,2,2,91
Fear\3_cam2_13,3,2,2,91
Fear\3_cam2_14,3,2,2,91
Fear\3_cam2_2,3,2,2,91
Fear\3_cam2_3,3,2,2,91
Fear\3_cam2_4,3,2,2,91
Fear\3_cam2_5,3,2,2,91
Fear\3_cam2_6,3,2,2,91
Fear\3_cam2_7,3,2,2,91
Fear\3_cam2_8,3,2,2,91
Fear\3_cam2_9,3,2,2,91
Fear\3_cam3_1,3,3,2,91
Fear\3_cam3_10,3,3,2,91
Fear\3_cam3_11,3,3,2,91
Fear\3_cam3_12,3,3,2,91
Fear\3_cam3_13,3,3,2,91
Fear\3_cam3_14,3,3,2,91
Fear\3_cam3_2,3,3,2,91
Fear\3_cam3_3,3,3,2,91
Fear\3_cam3_4,3,3,2,91
Fear\3_cam3_5,3,3,2,91
Fear\3_cam3_6,3,3,2,91
Fear\3_cam3_7,3,3,2,91
Fear\3_cam3_8,3,3,2,91
Fear\3_cam3_9,3,3,2,91
Fear\3_cam4_1,3,4,2,91
Fear\3_cam4_10,3,4,2,91
Fear\3_cam4_11,3,4,2,91
Fear\3_cam4_12,3,4,2,91
Fear\3_cam4_13,3,4,2,91
Fear\3_cam4_14,3,4,2,91
Fear\3_cam4_2,3,4,2,91
Fear\3_cam4_3,3,4,2,91
Fear\3_cam4_4,3,4,2,91
Fear\3_cam4_5,3,4,2,91
Fear\3_cam4_6,3,4,2,91
Fear\3_cam4_7,3,4,2,91
Fear\3_cam4_8,3,4,2,91
Fear\3_cam4_9,3,4,2,91
Fear\3_cam5_1,3,5,2,91
Fear\3_cam5_10,3,5,2,91
Fear\3_cam5_11,3,5,2,91
Fear\3_cam5_12,3,5,2,91
Fear\3_cam5_13,3,5,2,91
Fear\3_cam5_14,3,5,2,91
Fear\3_cam5_2,3,5,2,91
Fear\3_cam5_3,3,5,2,91
Fear\3_cam5_4,3,5,2,91
Fear\3_cam5_5,3,5,2,91
Fear\3_cam5_6,3,5,2,91
Fear\3_cam5_7,3,5,2,91
Fear\3_cam5_8,3,5,2,91
Fear\3_cam5_9,3,5,2,91
Fear\3_cam6_1,3,6,2,91
Fear\3_cam6_10,3,6,2,91
Fear\3_cam6_11,3,6,2,91
Fear\3_cam6_12,3,6,2,91
Fear\3_cam6_13,3,6,2,91
Fear\3_cam6_14,3,6,2,91
Fear\3_cam6_2,3,6,2,91
Fear\3_cam6_3,3,6,2,91
Fear\3_cam6_4,3,6,2,91
Fear\3_cam6_5,3,6,2,91
Fear\3_cam6_6,3,6,2,91
Fear\3_cam6_7,3,6,2,91
Fear\3_cam6_8,3,6,2,91
Fear\3_cam6_9,3,6,2,91
Fear\3_cam7_1,3,7,2,91
Fear\3_cam7_10,3,7,2,91
Fear\3_cam7_11,3,7,2,91
Fear\3_cam7_12,3,7,2,91
Fear\3_cam7_13,3,7,2,91
Fear\3_cam7_14,3,7,2,91
Fear\3_cam7_2,3,7,2,91
Fear\3_cam7_3,3,7,2,91
Fear\3_cam7_4,3,7,2,91
Fear\3_cam7_5,3,7,2,91
Fear\3_cam7_6,3,7,2,91
Fear\3_cam7_7,3,7,2,91
Fear\3_cam7_8,3,7,2,91
Fear\3_cam7_9,3,7,2,91
Happy\3_cam1_1,3,1,3,91
Happy\3_cam1_10,3,1,3,91
Happy\3_cam1_11,3,1,3,91
Happy\3_cam1_12,3,1,3,91
Happy\3_cam1_2,3,1,3,91
Happy\3_cam1_3,3,1,3,91
Happy\3_cam1_4,3,1,3,91
Happy\3_cam1_5,3,1,3,91
Happy\3_cam1_6,3,1,3,91
Happy\3_cam1_7,3,1,3,91
Happy\3_cam1_8,3,1,3,91
Happy\3_cam1_9,3,1,3,91
Happy\3_cam2_1,3,2,3,91
Happy\3_cam2_10,3,2,3,91
Happy\3_cam2_11,3,2,3,91
Happy\3_cam2_12,3,2,3,91
Happy\3_cam2_2,3,2,3,91
Happy\3_cam2_3,3,2,3,91
Happy\3_cam2_4,3,2,3,91
Happy\3_cam2_5,3,2,3,91
Happy\3_cam2_6,3,2,3,91
Happy\3_cam2_7,3,2,3,91
Happy\3_cam2_8,3,2,3,91
Happy\3_cam2_9,3,2,3,91
Happy\3_cam3_1,3,3,3,91
Happy\3_cam3_10,3,3,3,91
Happy\3_cam3_11,3,3,3,91
Happy\3_cam3_12,3,3,3,91
Happy\3_cam3_2,3,3,3,91
Happy\3_cam3_3,3,3,3,91
Happy\3_cam3_4,3,3,3,91
Happy\3_cam3_5,3,3,3,91
Happy\3_cam3_6,3,3,3,91
Happy\3_cam3_7,3,3,3,91
Happy\3_cam3_8,3,3,3,91
Happy\3_cam3_9,3,3,3,91
Happy\3_cam4_1,3,4,3,91
Happy\3_cam4_10,3,4,3,91
Happy\3_cam4_11,3,4,3,91
Happy\3_cam4_12,3,4,3,91
Happy\3_cam4_2,3,4,3,91
Happy\3_cam4_3,3,4,3,91
Happy\3_cam4_4,3,4,3,91
Happy\3_cam4_5,3,4,3,91
Happy\3_cam4_6,3,4,3,91
Happy\3_cam4_7,3,4,3,91
Happy\3_cam4_8,3,4,3,91
Happy\3_cam4_9,3,4,3,91
Happy\3_cam5_1,3,5,3,91
Happy\3_cam5_10,3,5,3,91
Happy\3_cam5_11,3,5,3,91
Happy\3_cam5_12,3,5,3,91
Happy\3_cam5_2,3,5,3,91
Happy\3_cam5_3,3,5,3,91
Happy\3_cam5_4,3,5,3,91
Happy\3_cam5_5,3,5,3,91
Happy\3_cam5_6,3,5,3,91
Happy\3_cam5_7,3,5,3,91
Happy\3_cam5_8,3,5,3,91
Happy\3_cam5_9,3,5,3,91
Happy\3_cam6_1,3,6,3,91
Happy\3_cam6_10,3,6,3,91
Happy\3_cam6_11,3,6,3,91
Happy\3_cam6_12,3,6,3,91
Happy\3_cam6_2,3,6,3,91
Happy\3_cam6_3,3,6,3,91
Happy\3_cam6_4,3,6,3,91
Happy\3_cam6_5,3,6,3,91
Happy\3_cam6_6,3,6,3,91
Happy\3_cam6_7,3,6,3,91
Happy\3_cam6_8,3,6,3,91
Happy\3_cam6_9,3,6,3,91
Happy\3_cam7_1,3,7,3,91
Happy\3_cam7_10,3,7,3,91
Happy\3_cam7_11,3,7,3,91
Happy\3_cam7_12,3,7,3,91
Happy\3_cam7_2,3,7,3,91
Happy\3_cam7_3,3,7,3,91
Happy\3_cam7_4,3,7,3,91
Happy\3_cam7_5,3,7,3,91
Happy\3_cam7_6,3,7,3,91
Happy\3_cam7_7,3,7,3,91
Happy\3_cam7_8,3,7,3,91
Happy\3_cam7_9,3,7,3,91
Neutral\3_cam1_1,3,1,4,91
Neutral\3_cam1_2,3,1,4,91
Neutral\3_cam1_3,3,1,4,91
Neutral\3_cam1_4,3,1,4,91
Neutral\3_cam1_5,3,1,4,91
Neutral\3_cam1_6,3,1,4,91
Neutral\3_cam1_7,3,1,4,91
Neutral\3_cam1_8,3,1,4,91
Neutral\3_cam1_9,3,1,4,91
Neutral\3_cam2_1,3,2,4,91
Neutral\3_cam2_2,3,2,4,91
Neutral\3_cam2_3,3,2,4,91
Neutral\3_cam2_4,3,2,4,91
Neutral\3_cam2_5,3,2,4,91
Neutral\3_cam2_6,3,2,4,91
Neutral\3_cam2_7,3,2,4,91
Neutral\3_cam2_8,3,2,4,91
Neutral\3_cam2_9,3,2,4,91
Neutral\3_cam3_1,3,3,4,91
Neutral\3_cam3_2,3,3,4,91
Neutral\3_cam3_3,3,3,4,91
Neutral\3_cam3_4,3,3,4,91
Neutral\3_cam3_5,3,3,4,91
Neutral\3_cam3_6,3,3,4,91
Neutral\3_cam3_7,3,3,4,91
Neutral\3_cam3_8,3,3,4,91
Neutral\3_cam3_9,3,3,4,91
Neutral\3_cam4_1,3,4,4,91
Neutral\3_cam4_2,3,4,4,91
Neutral\3_cam4_3,3,4,4,91
Neutral\3_cam4_4,3,4,4,91
Neutral\3_cam4_5,3,4,4,91
Neutral\3_cam4_6,3,4,4,91
Neutral\3_cam4_7,3,4,4,91
Neutral\3_cam4_8,3,4,4,91
Neutral\3_cam4_9,3,4,4,91
Neutral\3_cam5_1,3,5,4,91
Neutral\3_cam5_2,3,5,4,91
Neutral\3_cam5_3,3,5,4,91
Neutral\3_cam5_4,3,5,4,91
Neutral\3_cam5_5,3,5,4,91
Neutral\3_cam5_6,3,5,4,91
Neutral\3_cam5_7,3,5,4,91
Neutral\3_cam5_8,3,5,4,91
Neutral\3_cam5_9,3,5,4,91
Neutral\3_cam6_1,3,6,4,91
Neutral\3_cam6_2,3,6,4,91
Neutral\3_cam6_3,3,6,4,91
Neutral\3_cam6_4,3,6,4,91
Neutral\3_cam6_5,3,6,4,91
Neutral\3_cam6_6,3,6,4,91
Neutral\3_cam6_7,3,6,4,91
Neutral\3_cam6_8,3,6,4,91
Neutral\3_cam6_9,3,6,4,91
Neutral\3_cam7_1,3,7,4,91
Neutral\3_cam7_2,3,7,4,91
Neutral\3_cam7_3,3,7,4,91
Neutral\3_cam7_4,3,7,4,91
Neutral\3_cam7_5,3,7,4,91
Neutral\3_cam7_6,3,7,4,91
Neutral\3_cam7_7,3,7,4,91
Neutral\3_cam7_8,3,7,4,91
Neutral\3_cam7_9,3,7,4,91
Sad\3_cam1_1,3,1,5,91
Sad\3_cam1_11,3,1,5,91
Sad\3_cam1_12,3,1,5,91
Sad\3_cam1_13,3,1,5,91
Sad\3_cam1_14,3,1,5,91
Sad\3_cam1_15,3,1,5,91
Sad\3_cam1_16,3,1,5,91
Sad\3_cam1_17,3,1,5,91
Sad\3_cam1_18,3,1,5,91
Sad\3_cam1_19,3,1,5,91
Sad\3_cam1_2,3,1,5,91
Sad\3_cam1_20,3,1,5,91
Sad\3_cam1_21,3,1,5,91
Sad\3_cam1_22,3,1,5,91
Sad\3_cam1_23,3,1,5,91
Sad\3_cam1_24,3,1,5,91
Sad\3_cam1_25,3,1,5,91
Sad\3_cam1_3,3,1,5,91
Sad\3_cam1_4,3,1,5,91
Sad\3_cam1_5,3,1,5,91
Sad\3_cam1_6,3,1,5,91
Sad\3_cam1_7,3,1,5,91
Sad\3_cam1_8,3,1,5,91
Sad\3_cam1_9,3,1,5,91
Sad\3_cam2_1,3,2,5,91
Sad\3_cam2_11,3,2,5,91
Sad\3_cam2_12,3,2,5,91
Sad\3_cam2_13,3,2,5,91
Sad\3_cam2_14,3,2,5,91
Sad\3_cam2_15,3,2,5,91
Sad\3_cam2_16,3,2,5,91
Sad\3_cam2_17,3,2,5,91
Sad\3_cam2_18,3,2,5,91
Sad\3_cam2_19,3,2,5,91
Sad\3_cam2_2,3,2,5,91
Sad\3_cam2_20,3,2,5,91
Sad\3_cam2_21,3,2,5,91
Sad\3_cam2_22,3,2,5,91
Sad\3_cam2_23,3,2,5,91
Sad\3_cam2_24,3,2,5,91
Sad\3_cam2_25,3,2,5,91
Sad\3_cam2_3,3,2,5,91
Sad\3_cam2_4,3,2,5,91
Sad\3_cam2_5,3,2,5,91
Sad\3_cam2_6,3,2,5,91
Sad\3_cam2_7,3,2,5,91
Sad\3_cam2_8,3,2,5,91
Sad\3_cam2_9,3,2,5,91
Sad\3_cam3_1,3,3,5,91
Sad\3_cam3_11,3,3,5,91
Sad\3_cam3_12,3,3,5,91
Sad\3_cam3_13,3,3,5,91
Sad\3_cam3_14,3,3,5,91
Sad\3_cam3_15,3,3,5,91
Sad\3_cam3_16,3,3,5,91
Sad\3_cam3_17,3,3,5,91
Sad\3_cam3_18,3,3,5,91
Sad\3_cam3_19,3,3,5,91
Sad\3_cam3_2,3,3,5,91
Sad\3_cam3_20,3,3,5,91
Sad\3_cam3_21,3,3,5,91
Sad\3_cam3_22,3,3,5,91
Sad\3_cam3_23,3,3,5,91
Sad\3_cam3_24,3,3,5,91
Sad\3_cam3_25,3,3,5,91
Sad\3_cam3_3,3,3,5,91
Sad\3_cam3_4,3,3,5,91
Sad\3_cam3_5,3,3,5,91
Sad\3_cam3_6,3,3,5,91
Sad\3_cam3_7,3,3,5,91
Sad\3_cam3_8,3,3,5,91
Sad\3_cam3_9,3,3,5,91
Sad\3_cam4_1,3,4,5,91
Sad\3_cam4_11,3,4,5,91
Sad\3_cam4_12,3,4,5,91
Sad\3_cam4_13,3,4,5,91
Sad\3_cam4_14,3,4,5,91
Sad\3_cam4_15,3,4,5,91
Sad\3_cam4_16,3,4,5,91
Sad\3_cam4_17,3,4,5,91
Sad\3_cam4_18,3,4,5,91
Sad\3_cam4_19,3,4,5,91
Sad\3_cam4_2,3,4,5,91
Sad\3_cam4_20,3,4,5,91
Sad\3_cam4_21,3,4,5,91
Sad\3_cam4_22,3,4,5,91
Sad\3_cam4_23,3,4,5,91
Sad\3_cam4_24,3,4,5,91
Sad\3_cam4_25,3,4,5,91
Sad\3_cam4_3,3,4,5,91
Sad\3_cam4_4,3,4,5,91
Sad\3_cam4_5,3,4,5,91
Sad\3_cam4_6,3,4,5,91
Sad\3_cam4_7,3,4,5,91
Sad\3_cam4_8,3,4,5,91
Sad\3_cam4_9,3,4,5,91
Sad\3_cam5_1,3,5,5,91
Sad\3_cam5_11,3,5,5,91
Sad\3_cam5_12,3,5,5,91
Sad\3_cam5_13,3,5,5,91
Sad\3_cam5_14,3,5,5,91
Sad\3_cam5_15,3,5,5,91
Sad\3_cam5_16,3,5,5,91
Sad\3_cam5_17,3,5,5,91
Sad\3_cam5_18,3,5,5,91
Sad\3_cam5_19,3,5,5,91
Sad\3_cam5_2,3,5,5,91
Sad\3_cam5_20,3,5,5,91
Sad\3_cam5_21,3,5,5,91
Sad\3_cam5_22,3,5,5,91
Sad\3_cam5_23,3,5,5,91
Sad\3_cam5_24,3,5,5,91
Sad\3_cam5_25,3,5,5,91
Sad\3_cam5_3,3,5,5,91
Sad\3_cam5_4,3,5,5,91
Sad\3_cam5_5,3,5,5,91
Sad\3_cam5_6,3,5,5,91
Sad\3_cam5_7,3,5,5,91
Sad\3_cam5_8,3,5,5,91
Sad\3_cam5_9,3,5,5,91
Sad\3_cam6_1,3,6,5,91
Sad\3_cam6_11,3,6,5,91
Sad\3_cam6_12,3,6,5,91
Sad\3_cam6_13,3,6,5,91
Sad\3_cam6_14,3,6,5,91
Sad\3_cam6_15,3,6,5,91
Sad\3_cam6_16,3,6,5,91
Sad\3_cam6_17,3,6,5,91
Sad\3_cam6_18,3,6,5,91
Sad\3_cam6_19,3,6,5,91
Sad\3_cam6_2,3,6,5,91
Sad\3_cam6_20,3,6,5,91
Sad\3_cam6_21,3,6,5,91
Sad\3_cam6_22,3,6,5,91
Sad\3_cam6_23,3,6,5,91
Sad\3_cam6_24,3,6,5,91
Sad\3_cam6_25,3,6,5,91
Sad\3_cam6_3,3,6,5,91
Sad\3_cam6_4,3,6,5,91
Sad\3_cam6_5,3,6,5,91
Sad\3_cam6_6,3,6,5,91
Sad\3_cam6_7,3,6,5,91
Sad\3_cam6_8,3,6,5,91
Sad\3_cam6_9,3,6,5,91
Sad\3_cam7_1,3,7,5,91
Sad\3_cam7_11,3,7,5,91
Sad\3_cam7_12,3,7,5,91
Sad\3_cam7_13,3,7,5,91
Sad\3_cam7_14,3,7,5,91
Sad\3_cam7_15,3,7,5,91
Sad\3_cam7_16,3,7,5,91
Sad\3_cam7_17,3,7,5,91
Sad\3_cam7_18,3,7,5,91
Sad\3_cam7_19,3,7,5,91
Sad\3_cam7_2,3,7,5,91
Sad\3_cam7_20,3,7,5,91
Sad\3_cam7_21,3,7,5,91
Sad\3_cam7_22,3,7,5,91
Sad\3_cam7_23,3,7,5,91
Sad\3_cam7_24,3,7,5,91
Sad\3_cam7_25,3,7,5,91
Sad\3_cam7_3,3,7,5,91
Sad\3_cam7_4,3,7,5,91
Sad\3_cam7_5,3,7,5,91
Sad\3_cam7_6,3,7,5,91
Sad\3_cam7_7,3,7,5,91
Sad\3_cam7_8,3,7,5,91
Sad\3_cam7_9,3,7,5,91
Surprise\3_cam1_1,3,1,6,91
Surprise\3_cam1_2,3,1,6,91
Surprise\3_cam1_3,3,1,6,91
Surprise\3_cam1_4,3,1,6,91
Surprise\3_cam1_5,3,1,6,91
Surprise\3_cam1_6,3,1,6,91
Surprise\3_cam1_7,3,1,6,91
Surprise\3_cam2_1,3,2,6,91
Surprise\3_cam2_2,3,2,6,91
Surprise\3_cam2_3,3,2,6,91
Surprise\3_cam2_4,3,2,6,91
Surprise\3_cam2_5,3,2,6,91
Surprise\3_cam2_6,3,2,6,91
Surprise\3_cam2_7,3,2,6,91
Surprise\3_cam3_1,3,3,6,91
Surprise\3_cam3_2,3,3,6,91
Surprise\3_cam3_3,3,3,6,91
Surprise\3_cam3_4,3,3,6,91
Surprise\3_cam3_5,3,3,6,91
Surprise\3_cam3_6,3,3,6,91
Surprise\3_cam3_7,3,3,6,91
Surprise\3_cam4_1,3,4,6,91
Surprise\3_cam4_2,3,4,6,91
Surprise\3_cam4_3,3,4,6,91
Surprise\3_cam4_4,3,4,6,91
Surprise\3_cam4_5,3,4,6,91
Surprise\3_cam4_6,3,4,6,91
Surprise\3_cam4_7,3,4,6,91
Surprise\3_cam5_1,3,5,6,91
Surprise\3_cam5_2,3,5,6,91
Surprise\3_cam5_3,3,5,6,91
Surprise\3_cam5_4,3,5,6,91
Surprise\3_cam5_5,3,5,6,91
Surprise\3_cam5_6,3,5,6,91
Surprise\3_cam5_7,3,5,6,91
Surprise\3_cam6_1,3,6,6,91
Surprise\3_cam6_2,3,6,6,91
Surprise\3_cam6_3,3,6,6,91
Surprise\3_cam6_4,3,6,6,91
Surprise\3_cam6_5,3,6,6,91
Surprise\3_cam6_6,3,6,6,91
Surprise\3_cam6_7,3,6,6,91
Surprise\3_cam7_1,3,7,6,91
Surprise\3_cam7_2,3,7,6,91
Surprise\3_cam7_3,3,7,6,91
Surprise\3_cam7_4,3,7,6,91
Surprise\3_cam7_5,3,7,6,91
Surprise\3_cam7_6,3,7,6,91
Surprise\3_cam7_7,3,7,6,91
Anger\4_cam1_1,4,1,0,91
Anger\4_cam1_2,4,1,0,91
Anger\4_cam1_3,4,1,0,91
Anger\4_cam1_4,4,1,0,91
Anger\4_cam1_5,4,1,0,91
Anger\4_cam1_6,4,1,0,91
Anger\4_cam2_1,4,2,0,91
Anger\4_cam2_2,4,2,0,91
Anger\4_cam2_3,4,2,0,91
Anger\4_cam2_4,4,2,0,91
Anger\4_cam2_5,4,2,0,91
Anger\4_cam2_6,4,2,0,91
Anger\4_cam3_1,4,3,0,91
Anger\4_cam3_2,4,3,0,91
Anger\4_cam3_3,4,3,0,91
Anger\4_cam3_4,4,3,0,91
Anger\4_cam3_5,4,3,0,91
Anger\4_cam3_6,4,3,0,91
Anger\4_cam4_1,4,4,0,91
Anger\4_cam4_2,4,4,0,91
Anger\4_cam4_3,4,4,0,91
Anger\4_cam4_4,4,4,0,91
Anger\4_cam4_5,4,4,0,91
Anger\4_cam4_6,4,4,0,91
Anger\4_cam5_1,4,5,0,91
Anger\4_cam5_2,4,5,0,91
Anger\4_cam5_3,4,5,0,91
Anger\4_cam5_4,4,5,0,91
Anger\4_cam5_5,4,5,0,91
Anger\4_cam5_6,4,5,0,91
Anger\4_cam6_1,4,6,0,91
Anger\4_cam6_2,4,6,0,91
Anger\4_cam6_3,4,6,0,91
Anger\4_cam6_4,4,6,0,91
Anger\4_cam6_5,4,6,0,91
Anger\4_cam6_6,4,6,0,91
Anger\4_cam7_1,4,7,0,91
Anger\4_cam7_2,4,7,0,91
Anger\4_cam7_3,4,7,0,91
Anger\4_cam7_4,4,7,0,91
Anger\4_cam7_5,4,7,0,91
Anger\4_cam7_6,4,7,0,91
Disgust\4_cam1_1,4,1,1,91
Disgust\4_cam1_2,4,1,1,91
Disgust\4_cam2_1,4,2,1,91
Disgust\4_cam2_2,4,2,1,91
Disgust\4_cam3_1,4,3,1,91
Disgust\4_cam3_2,4,3,1,91
Disgust\4_cam4_1,4,4,1,91
Disgust\4_cam4_2,4,4,1,91
Disgust\4_cam5_1,4,5,1,91
Disgust\4_cam5_2,4,5,1,91
Disgust\4_cam6_1,4,6,1,91
Disgust\4_cam6_2,4,6,1,91
Disgust\4_cam7_1,4,7,1,91
Disgust\4_cam7_2,4,7,1,91
Fear\4_cam1_1,4,1,2,91
Fear\4_cam2_1,4,2,2,91
Fear\4_cam3_1,4,3,2,91
Fear\4_cam4_1,4,4,2,91
Fear\4_cam5_1,4,5,2,91
Fear\4_cam6_1,4,6,2,91
Fear\4_cam7_1,4,7,2,91
Happy\4_cam1_1,4,1,3,91
Happy\4_cam1_10,4,1,3,91
Happy\4_cam1_11,4,1,3,91
Happy\4_cam1_12,4,1,3,91
Happy\4_cam1_13,4,1,3,91
Happy\4_cam1_14,4,1,3,91
Happy\4_cam1_2,4,1,3,91
Happy\4_cam1_3,4,1,3,91
Happy\4_cam1_4,4,1,3,91
Happy\4_cam1_5,4,1,3,91
Happy\4_cam1_6,4,1,3,91
Happy\4_cam1_7,4,1,3,91
Happy\4_cam1_8,4,1,3,91
Happy\4_cam1_9,4,1,3,91
Happy\4_cam2_1,4,2,3,91
Happy\4_cam2_10,4,2,3,91
Happy\4_cam2_11,4,2,3,91
Happy\4_cam2_12,4,2,3,91
Happy\4_cam2_13,4,2,3,91
Happy\4_cam2_14,4,2,3,91
Happy\4_cam2_2,4,2,3,91
Happy\4_cam2_3,4,2,3,91
Happy\4_cam2_4,4,2,3,91
Happy\4_cam2_5,4,2,3,91
Happy\4_cam2_6,4,2,3,91
Happy\4_cam2_7,4,2,3,91
Happy\4_cam2_8,4,2,3,91
Happy\4_cam2_9,4,2,3,91
Happy\4_cam3_1,4,3,3,91
Happy\4_cam3_10,4,3,3,91
Happy\4_cam3_11,4,3,3,91
Happy\4_cam3_12,4,3,3,91
Happy\4_cam3_13,4,3,3,91
Happy\4_cam3_14,4,3,3,91
Happy\4_cam3_2,4,3,3,91
Happy\4_cam3_3,4,3,3,91
Happy\4_cam3_4,4,3,3,91
Happy\4_cam3_5,4,3,3,91
Happy\4_cam3_6,4,3,3,91
Happy\4_cam3_7,4,3,3,91
Happy\4_cam3_8,4,3,3,91
Happy\4_cam3_9,4,3,3,91
Happy\4_cam4_1,4,4,3,91
Happy\4_cam4_10,4,4,3,91
Happy\4_cam4_11,4,4,3,91
Happy\4_cam4_12,4,4,3,91
Happy\4_cam4_13,4,4,3,91
Happy\4_cam4_14,4,4,3,91
Happy\4_cam4_2,4,4,3,91
Happy\4_cam4_3,4,4,3,91
Happy\4_cam4_4,4,4,3,91
Happy\4_cam4_5,4,4,3,91
Happy\4_cam4_6,4,4,3,91
Happy\4_cam4_7,4,4,3,91
Happy\4_cam4_8,4,4,3,91
Happy\4_cam4_9,4,4,3,91
Happy\4_cam5_1,4,5,3,91
Happy\4_cam5_10,4,5,3,91
Happy\4_cam5_11,4,5,3,91
Happy\4_cam5_12,4,5,3,91
Happy\4_cam5_13,4,5,3,91
Happy\4_cam5_14,4,5,3,91
Happy\4_cam5_2,4,5,3,91
Happy\4_cam5_3,4,5,3,91
Happy\4_cam5_4,4,5,3,91
Happy\4_cam5_5,4,5,3,91
Happy\4_cam5_6,4,5,3,91
Happy\4_cam5_7,4,5,3,91
Happy\4_cam5_8,4,5,3,91
Happy\4_cam5_9,4,5,3,91
Happy\4_cam6_1,4,6,3,91
Happy\4_cam6_10,4,6,3,91
Happy\4_cam6_11,4,6,3,91
Happy\4_cam6_12,4,6,3,91
Happy\4_cam6_13,4,6,3,91
Happy\4_cam6_14,4,6,3,91
Happy\4_cam6_2,4,6,3,91
Happy\4_cam6_3,4,6,3,91
Happy\4_cam6_4,4,6,3,91
Happy\4_cam6_5,4,6,3,91
Happy\4_cam6_6,4,6,3,91
Happy\4_cam6_7,4,6,3,91
Happy\4_cam6_8,4,6,3,91
Happy\4_cam6_9,4,6,3,91
Happy\4_cam7_1,4,7,3,91
Happy\4_cam7_10,4,7,3,91
Happy\4_cam7_11,4,7,3,91
Happy\4_cam7_12,4,7,3,91
Happy\4_cam7_13,4,7,3,91
Happy\4_cam7_14,4,7,3,91
Happy\4_cam7_2,4,7,3,91
Happy\4_cam7_3,4,7,3,91
Happy\4_cam7_4,4,7,3,91
Happy\4_cam7_5,4,7,3,91
Happy\4_cam7_6,4,7,3,91
Happy\4_cam7_7,4,7,3,91
Happy\4_cam7_8,4,7,3,91
Happy\4_cam7_9,4,7,3,91
Neutral\4_cam1_1,4,1,4,91
Neutral\4_cam1_2,4,1,4,91
Neutral\4_cam1_3,4,1,4,91
Neutral\4_cam1_4,4,1,4,91
Neutral\4_cam1_5,4,1,4,91
Neutral\4_cam1_6,4,1,4,91
Neutral\4_cam1_7,4,1,4,91
Neutral\4_cam1_8,4,1,4,91
Neutral\4_cam2_1,4,2,4,91
Neutral\4_cam2_2,4,2,4,91
Neutral\4_cam2_3,4,2,4,91
Neutral\4_cam2_4,4,2,4,91
Neutral\4_cam2_5,4,2,4,91
Neutral\4_cam2_6,4,2,4,91
Neutral\4_cam2_7,4,2,4,91
Neutral\4_cam2_8,4,2,4,91
Neutral\4_cam3_1,4,3,4,91
Neutral\4_cam3_2,4,3,4,91
Neutral\4_cam3_3,4,3,4,91
Neutral\4_cam3_4,4,3,4,91
Neutral\4_cam3_5,4,3,4,91
Neutral\4_cam3_6,4,3,4,91
Neutral\4_cam3_7,4,3,4,91
Neutral\4_cam3_8,4,3,4,91
Neutral\4_cam4_1,4,4,4,91
Neutral\4_cam4_2,4,4,4,91
Neutral\4_cam4_3,4,4,4,91
Neutral\4_cam4_4,4,4,4,91
Neutral\4_cam4_5,4,4,4,91
Neutral\4_cam4_6,4,4,4,91
Neutral\4_cam4_7,4,4,4,91
Neutral\4_cam4_8,4,4,4,91
Neutral\4_cam5_1,4,5,4,91
Neutral\4_cam5_2,4,5,4,91
Neutral\4_cam5_3,4,5,4,91
Neutral\4_cam5_4,4,5,4,91
Neutral\4_cam5_5,4,5,4,91
Neutral\4_cam5_6,4,5,4,91
Neutral\4_cam5_7,4,5,4,91
Neutral\4_cam5_8,4,5,4,91
Neutral\4_cam6_1,4,6,4,91
Neutral\4_cam6_2,4,6,4,91
Neutral\4_cam6_3,4,6,4,91
Neutral\4_cam6_4,4,6,4,91
Neutral\4_cam6_5,4,6,4,91
Neutral\4_cam6_6,4,6,4,91
Neutral\4_cam6_7,4,6,4,91
Neutral\4_cam6_8,4,6,4,91
Neutral\4_cam7_1,4,7,4,91
Neutral\4_cam7_2,4,7,4,91
Neutral\4_cam7_3,4,7,4,91
Neutral\4_cam7_4,4,7,4,91
Neutral\4_cam7_5,4,7,4,91
Neutral\4_cam7_6,4,7,4,91
Neutral\4_cam7_7,4,7,4,91
Neutral\4_cam7_8,4,7,4,91
Sad\4_cam1_1,4,1,5,91
Sad\4_cam1_2,4,1,5,91
Sad\4_cam1_3,4,1,5,91
Sad\4_cam1_4,4,1,5,91
Sad\4_cam1_5,4,1,5,91
Sad\4_cam1_6,4,1,5,91
Sad\4_cam1_7,4,1,5,91
Sad\4_cam1_8,4,1,5,91
Sad\4_cam2_1,4,2,5,91
Sad\4_cam2_2,4,2,5,91
Sad\4_cam2_3,4,2,5,91
Sad\4_cam2_4,4,2,5,91
Sad\4_cam2_5,4,2,5,91
Sad\4_cam2_6,4,2,5,91
Sad\4_cam2_7,4,2,5,91
Sad\4_cam2_8,4,2,5,91
Sad\4_cam3_1,4,3,5,91
Sad\4_cam3_2,4,3,5,91
Sad\4_cam3_3,4,3,5,91
Sad\4_cam3_4,4,3,5,91
Sad\4_cam3_5,4,3,5,91
Sad\4_cam3_6,4,3,5,91
Sad\4_cam3_7,4,3,5,91
Sad\4_cam3_8,4,3,5,91
Sad\4_cam4_1,4,4,5,91
Sad\4_cam4_2,4,4,5,91
Sad\4_cam4_3,4,4,5,91
Sad\4_cam4_4,4,4,5,91
Sad\4_cam4_5,4,4,5,91
Sad\4_cam4_6,4,4,5,91
Sad\4_cam4_7,4,4,5,91
Sad\4_cam4_8,4,4,5,91
Sad\4_cam5_1,4,5,5,91
Sad\4_cam5_2,4,5,5,91
Sad\4_cam5_3,4,5,5,91
Sad\4_cam5_4,4,5,5,91
Sad\4_cam5_5,4,5,5,91
Sad\4_cam5_6,4,5,5,91
Sad\4_cam5_7,4,5,5,91
Sad\4_cam5_8,4,5,5,91
Sad\4_cam6_1,4,6,5,91
Sad\4_cam6_2,4,6,5,91
Sad\4_cam6_3,4,6,5,91
Sad\4_cam6_4,4,6,5,91
Sad\4_cam6_5,4,6,5,91
Sad\4_cam6_6,4,6,5,91
Sad\4_cam6_7,4,6,5,91
Sad\4_cam6_8,4,6,5,91
Sad\4_cam7_1,4,7,5,91
Sad\4_cam7_2,4,7,5,91
Sad\4_cam7_3,4,7,5,91
Sad\4_cam7_4,4,7,5,91
Sad\4_cam7_5,4,7,5,91
Sad\4_cam7_6,4,7,5,91
Sad\4_cam7_7,4,7,5,91
Sad\4_cam7_8,4,7,5,91
Surprise\4_cam1_1,4,1,6,91
Surprise\4_cam1_2,4,1,6,91
Surprise\4_cam1_3,4,1,6,91
Surprise\4_cam1_4,4,1,6,91
Surprise\4_cam1_5,4,1,6,91
Surprise\4_cam1_6,4,1,6,91
Surprise\4_cam1_7,4,1,6,91
Surprise\4_cam1_8,4,1,6,91
Surprise\4_cam2_1,4,2,6,91
Surprise\4_cam2_2,4,2,6,91
Surprise\4_cam2_3,4,2,6,91
Surprise\4_cam2_4,4,2,6,91
Surprise\4_cam2_5,4,2,6,91
Surprise\4_cam2_6,4,2,6,91
Surprise\4_cam2_7,4,2,6,91
Surprise\4_cam2_8,4,2,6,91
Surprise\4_cam3_1,4,3,6,91
Surprise\4_cam3_2,4,3,6,91
Surprise\4_cam3_3,4,3,6,91
Surprise\4_cam3_4,4,3,6,91
Surprise\4_cam3_5,4,3,6,91
Surprise\4_cam3_6,4,3,6,91
Surprise\4_cam3_7,4,3,6,91
Surprise\4_cam3_8,4,3,6,91
Surprise\4_cam4_1,4,4,6,91
Surprise\4_cam4_2,4,4,6,91
Surprise\4_cam4_3,4,4,6,91
Surprise\4_cam4_4,4,4,6,91
Surprise\4_cam4_5,4,4,6,91
Surprise\4_cam4_6,4,4,6,91
Surprise\4_cam4_7,4,4,6,91
Surprise\4_cam4_8,4,4,6,91
Surprise\4_cam5_1,4,5,6,91
Surprise\4_cam5_2,4,5,6,91
Surprise\4_cam5_3,4,5,6,91
Surprise\4_cam5_4,4,5,6,91
Surprise\4_cam5_5,4,5,6,91
Surprise\4_cam5_6,4,5,6,91
Surprise\4_cam5_7,4,5,6,91
Surprise\4_cam5_8,4,5,6,91
Surprise\4_cam6_1,4,6,6,91
Surprise\4_cam6_2,4,6,6,91
Surprise\4_cam6_3,4,6,6,91
Surprise\4_cam6_4,4,6,6,91
Surprise\4_cam6_5,4,6,6,91
Surprise\4_cam6_6,4,6,6,91
Surprise\4_cam6_7,4,6,6,91
Surprise\4_cam6_8,4,6,6,91
Surprise\4_cam7_1,4,7,6,91
Surprise\4_cam7_2,4,7,6,91
Surprise\4_cam7_3,4,7,6,91
Surprise\4_cam7_4,4,7,6,91
Surprise\4_cam7_5,4,7,6,91
Surprise\4_cam7_6,4,7,6,91
Surprise\4_cam7_7,4,7,6,91
Surprise\4_cam7_8,4,7,6,91
Anger\5_cam1_1,5,1,0,91
Anger\5_cam1_2,5,1,0,91
Anger\5_cam1_3,5,1,0,91
Anger\5_cam1_4,5,1,0,91
Anger\5_cam1_5,5,1,0,91
Anger\5_cam2_1,5,2,0,91
Anger\5_cam2_2,5,2,0,91
Anger\5_cam2_3,5,2,0,91
Anger\5_cam2_4,5,2,0,91
Anger\5_cam2_5,5,2,0,91
Anger\5_cam3_1,5,3,0,91
Anger\5_cam3_2,5,3,0,91
Anger\5_cam3_3,5,3,0,91
Anger\5_cam3_4,5,3,0,91
Anger\5_cam3_5,5,3,0,91
Anger\5_cam4_1,5,4,0,91
Anger\5_cam4_2,5,4,0,91
Anger\5_cam4_3,5,4,0,91
Anger\5_cam4_4,5,4,0,91
Anger\5_cam4_5,5,4,0,91
Anger\5_cam5_1,5,5,0,91
Anger\5_cam5_2,5,5,0,91
Anger\5_cam5_3,5,5,0,91
Anger\5_cam5_4,5,5,0,91
Anger\5_cam5_5,5,5,0,91
Anger\5_cam6_1,5,6,0,91
Anger\5_cam6_2,5,6,0,91
Anger\5_cam6_3,5,6,0,91
Anger\5_cam6_4,5,6,0,91
Anger\5_cam6_5,5,6,0,91
Anger\5_cam7_1,5,7,0,91
Anger\5_cam7_2,5,7,0,91
Anger\5_cam7_3,5,7,0,91
Anger\5_cam7_4,5,7,0,91
Anger\5_cam7_5,5,7,0,91
Disgust\5_cam1_1,5,1,1,91
Disgust\5_cam1_2,5,1,1,91
Disgust\5_cam2_1,5,2,1,91
Disgust\5_cam2_2,5,2,1,91
Disgust\5_cam3_1,5,3,1,91
Disgust\5_cam3_2,5,3,1,91
Disgust\5_cam4_1,5,4,1,91
Disgust\5_cam4_2,5,4,1,91
Disgust\5_cam5_1,5,5,1,91
Disgust\5_cam5_2,5,5,1,91
Disgust\5_cam6_1,5,6,1,91
Disgust\5_cam6_2,5,6,1,91
Disgust\5_cam7_1,5,7,1,91
Disgust\5_cam7_2,5,7,1,91
Fear\5_cam1_1,5,1,2,91
Fear\5_cam2_1,5,2,2,91
Fear\5_cam3_1,5,3,2,91
Fear\5_cam4_1,5,4,2,91
Fear\5_cam5_1,5,5,2,91
Fear\5_cam6_1,5,6,2,91
Fear\5_cam7_1,5,7,2,91
Happy\5_cam1_1,5,1,3,91
Happy\5_cam1_2,5,1,3,91
Happy\5_cam1_3,5,1,3,91
Happy\5_cam1_4,5,1,3,91
Happy\5_cam1_5,5,1,3,91
Happy\5_cam1_6,5,1,3,91
Happy\5_cam1_7,5,1,3,91
Happy\5_cam1_8,5,1,3,91
Happy\5_cam2_1,5,2,3,91
Happy\5_cam2_2,5,2,3,91
Happy\5_cam2_3,5,2,3,91
Happy\5_cam2_4,5,2,3,91
Happy\5_cam2_5,5,2,3,91
Happy\5_cam2_6,5,2,3,91
Happy\5_cam2_7,5,2,3,91
Happy\5_cam2_8,5,2,3,91
Happy\5_cam3_1,5,3,3,91
Happy\5_cam3_2,5,3,3,91
Happy\5_cam3_3,5,3,3,91
Happy\5_cam3_4,5,3,3,91
Happy\5_cam3_5,5,3,3,91
Happy\5_cam3_6,5,3,3,91
Happy\5_cam3_7,5,3,3,91
Happy\5_cam3_8,5,3,3,91
Happy\5_cam4_1,5,4,3,91
Happy\5_cam4_2,5,4,3,91
Happy\5_cam4_3,5,4,3,91
Happy\5_cam4_4,5,4,3,91
Happy\5_cam4_5,5,4,3,91
Happy\5_cam4_6,5,4,3,91
Happy\5_cam4_7,5,4,3,91
Happy\5_cam4_8,5,4,3,91
Happy\5_cam5_1,5,5,3,91
Happy\5_cam5_2,5,5,3,91
Happy\5_cam5_3,5,5,3,91
Happy\5_cam5_4,5,5,3,91
Happy\5_cam5_5,5,5,3,91
Happy\5_cam5_6,5,5,3,91
Happy\5_cam5_7,5,5,3,91
Happy\5_cam5_8,5,5,3,91
Happy\5_cam6_1,5,6,3,91
Happy\5_cam6_2,5,6,3,91
Happy\5_cam6_3,5,6,3,91
Happy\5_cam6_4,5,6,3,91
Happy\5_cam6_5,5,6,3,91
Happy\5_cam6_6,5,6,3,91
Happy\5_cam6_7,5,6,3,91
Happy\5_cam6_8,5,6,3,91
Happy\5_cam7_1,5,7,3,91
Happy\5_cam7_2,5,7,3,91
Happy\5_cam7_3,5,7,3,91
Happy\5_cam7_4,5,7,3,91
Happy\5_cam7_5,5,7,3,91
Happy\5_cam7_6,5,7,3,91
Happy\5_cam7_7,5,7,3,91
Happy\5_cam7_8,5,7,3,91
Neutral\5_cam1_1,5,1,4,91
Neutral\5_cam1_2,5,1,4,91
Neutral\5_cam1_3,5,1,4,91
Neutral\5_cam1_4,5,1,4,91
Neutral\5_cam1_5,5,1,4,91
Neutral\5_cam1_6,5,1,4,91
Neutral\5_cam1_7,5,1,4,91
Neutral\5_cam2_1,5,2,4,91
Neutral\5_cam2_2,5,2,4,91
Neutral\5_cam2_3,5,2,4,91
Neutral\5_cam2_4,5,2,4,91
Neutral\5_cam2_5,5,2,4,91
Neutral\5_cam2_6,5,2,4,91
Neutral\5_cam2_7,5,2,4,91
Neutral\5_cam3_1,5,3,4,91
Neutral\5_cam3_2,5,3,4,91
Neutral\5_cam3_3,5,3,4,91
Neutral\5_cam3_4,5,3,4,91
Neutral\5_cam3_5,5,3,4,91
Neutral\5_cam3_6,5,3,4,91
Neutral\5_cam3_7,5,3,4,91
Neutral\5_cam4_1,5,4,4,91
Neutral\5_cam4_2,5,4,4,91
Neutral\5_cam4_3,5,4,4,91
Neutral\5_cam4_4,5,4,4,91
Neutral\5_cam4_5,5,4,4,91
Neutral\5_cam4_6,5,4,4,91
Neutral\5_cam4_7,5,4,4,91
Neutral\5_cam5_1,5,5,4,91
Neutral\5_cam5_2,5,5,4,91
Neutral\5_cam5_3,5,5,4,91
Neutral\5_cam5_4,5,5,4,91
Neutral\5_cam5_5,5,5,4,91
Neutral\5_cam5_6,5,5,4,91
Neutral\5_cam5_7,5,5,4,91
Neutral\5_cam6_1,5,6,4,91
Neutral\5_cam6_2,5,6,4,91
Neutral\5_cam6_3,5,6,4,91
Neutral\5_cam6_4,5,6,4,91
Neutral\5_cam6_5,5,6,4,91
Neutral\5_cam6_6,5,6,4,91
Neutral\5_cam6_7,5,6,4,91
Neutral\5_cam7_1,5,7,4,91
Neutral\5_cam7_2,5,7,4,91
Neutral\5_cam7_3,5,7,4,91
Neutral\5_cam7_4,5,7,4,91
Neutral\5_cam7_5,5,7,4,91
Neutral\5_cam7_6,5,7,4,91
Neutral\5_cam7_7,5,7,4,91
Sad\5_cam1_1,5,1,5,91
Sad\5_cam1_2,5,1,5,91
Sad\5_cam1_3,5,1,5,91
Sad\5_cam1_4,5,1,5,91
Sad\5_cam1_5,5,1,5,91
Sad\5_cam2_1,5,2,5,91
Sad\5_cam2_2,5,2,5,91
Sad\5_cam2_3,5,2,5,91
Sad\5_cam2_4,5,2,5,91
Sad\5_cam2_5,5,2,5,91
Sad\5_cam3_1,5,3,5,91
Sad\5_cam3_2,5,3,5,91
Sad\5_cam3_3,5,3,5,91
Sad\5_cam3_4,5,3,5,91
Sad\5_cam3_5,5,3,5,91
Sad\5_cam4_1,5,4,5,91
Sad\5_cam4_2,5,4,5,91
Sad\5_cam4_3,5,4,5,91
Sad\5_cam4_4,5,4,5,91
Sad\5_cam4_5,5,4,5,91
Sad\5_cam5_1,5,5,5,91
Sad\5_cam5_2,5,5,5,91
Sad\5_cam5_3,5,5,5,91
Sad\5_cam5_4,5,5,5,91
Sad\5_cam5_5,5,5,5,91
Sad\5_cam6_1,5,6,5,91
Sad\5_cam6_2,5,6,5,91
Sad\5_cam6_3,5,6,5,91
Sad\5_cam6_4,5,6,5,91
Sad\5_cam6_5,5,6,5,91
Sad\5_cam7_1,5,7,5,91
Sad\5_cam7_2,5,7,5,91
Sad\5_cam7_3,5,7,5,91
Sad\5_cam7_4,5,7,5,91
Sad\5_cam7_5,5,7,5,91
Surprise\5_cam1_1,5,1,6,91
Surprise\5_cam1_2,5,1,6,91
Surprise\5_cam1_3,5,1,6,91
Surprise\5_cam1_4,5,1,6,91
Surprise\5_cam1_5,5,1,6,91
Surprise\5_cam1_6,5,1,6,91
Surprise\5_cam1_7,5,1,6,91
Surprise\5_cam1_8,5,1,6,91
Surprise\5_cam2_1,5,2,6,91
Surprise\5_cam2_2,5,2,6,91
Surprise\5_cam2_3,5,2,6,91
Surprise\5_cam2_4,5,2,6,91
Surprise\5_cam2_5,5,2,6,91
Surprise\5_cam2_6,5,2,6,91
Surprise\5_cam2_7,5,2,6,91
Surprise\5_cam2_8,5,2,6,91
Surprise\5_cam3_1,5,3,6,91
Surprise\5_cam3_2,5,3,6,91
Surprise\5_cam3_3,5,3,6,91
Surprise\5_cam3_4,5,3,6,91
Surprise\5_cam3_5,5,3,6,91
Surprise\5_cam3_6,5,3,6,91
Surprise\5_cam3_7,5,3,6,91
Surprise\5_cam3_8,5,3,6,91
Surprise\5_cam4_1,5,4,6,91
Surprise\5_cam4_2,5,4,6,91
Surprise\5_cam4_3,5,4,6,91
Surprise\5_cam4_4,5,4,6,91
Surprise\5_cam4_5,5,4,6,91
Surprise\5_cam4_6,5,4,6,91
Surprise\5_cam4_7,5,4,6,91
Surprise\5_cam4_8,5,4,6,91
Surprise\5_cam5_1,5,5,6,91
Surprise\5_cam5_2,5,5,6,91
Surprise\5_cam5_3,5,5,6,91
Surprise\5_cam5_4,5,5,6,91
Surprise\5_cam5_5,5,5,6,91
Surprise\5_cam5_6,5,5,6,91
Surprise\5_cam5_7,5,5,6,91
Surprise\5_cam5_8,5,5,6,91
Surprise\5_cam6_1,5,6,6,91
Surprise\5_cam6_2,5,6,6,91
Surprise\5_cam6_3,5,6,6,91
Surprise\5_cam6_4,5,6,6,91
Surprise\5_cam6_5,5,6,6,91
Surprise\5_cam6_6,5,6,6,91
Surprise\5_cam6_7,5,6,6,91
Surprise\5_cam6_8,5,6,6,91
Surprise\5_cam7_1,5,7,6,91
Surprise\5_cam7_2,5,7,6,91
Surprise\5_cam7_3,5,7,6,91
Surprise\5_cam7_4,5,7,6,91
Surprise\5_cam7_5,5,7,6,91
Surprise\5_cam7_6,5,7,6,91
Surprise\5_cam7_7,5,7,6,91
Surprise\5_cam7_8,5,7,6,91
Anger\6_cam1_1,6,1,0,91
Anger\6_cam1_2,6,1,0,91
Anger\6_cam1_3,6,1,0,91
Anger\6_cam2_1,6,2,0,91
Anger\6_cam2_2,6,2,0,91
Anger\6_cam2_3,6,2,0,91
Anger\6_cam3_1,6,3,0,91
Anger\6_cam3_2,6,3,0,91
Anger\6_cam3_3,6,3,0,91
Anger\6_cam4_1,6,4,0,91
Anger\6_cam4_2,6,4,0,91
Anger\6_cam4_3,6,4,0,91
Anger\6_cam5_1,6,5,0,91
Anger\6_cam5_2,6,5,0,91
Anger\6_cam5_3,6,5,0,91
Anger\6_cam6_1,6,6,0,91
Anger\6_cam6_2,6,6,0,91
Anger\6_cam6_3,6,6,0,91
Anger\6_cam7_1,6,7,0,91
Anger\6_cam7_2,6,7,0,91
Anger\6_cam7_3,6,7,0,91
Disgust\6_cam1_1,6,1,1,91
Disgust\6_cam1_2,6,1,1,91
Disgust\6_cam2_1,6,2,1,91
Disgust\6_cam2_2,6,2,1,91
Disgust\6_cam3_1,6,3,1,91
Disgust\6_cam3_2,6,3,1,91
Disgust\6_cam4_1,6,4,1,91
Disgust\6_cam4_2,6,4,1,91
Disgust\6_cam5_1,6,5,1,91
Disgust\6_cam5_2,6,5,1,91
Disgust\6_cam6_1,6,6,1,91
Disgust\6_cam6_2,6,6,1,91
Disgust\6_cam7_1,6,7,1,91
Disgust\6_cam7_2,6,7,1,91
Fear\6_cam1_1,6,1,2,91
Fear\6_cam1_2,6,1,2,91
Fear\6_cam1_3,6,1,2,91
Fear\6_cam1_4,6,1,2,91
Fear\6_cam1_5,6,1,2,91
Fear\6_cam2_1,6,2,2,91
Fear\6_cam2_2,6,2,2,91
Fear\6_cam2_3,6,2,2,91
Fear\6_cam2_4,6,2,2,91
Fear\6_cam2_5,6,2,2,91
Fear\6_cam3_1,6,3,2,91
Fear\6_cam3_2,6,3,2,91
Fear\6_cam3_3,6,3,2,91
Fear\6_cam3_4,6,3,2,91
Fear\6_cam3_5,6,3,2,91
Fear\6_cam4_1,6,4,2,91
Fear\6_cam4_2,6,4,2,91
Fear\6_cam4_3,6,4,2,91
Fear\6_cam4_4,6,4,2,91
Fear\6_cam4_5,6,4,2,91
Fear\6_cam5_1,6,5,2,91
Fear\6_cam5_2,6,5,2,91
Fear\6_cam5_3,6,5,2,91
Fear\6_cam5_4,6,5,2,91
Fear\6_cam5_5,6,5,2,91
Fear\6_cam6_1,6,6,2,91
Fear\6_cam6_2,6,6,2,91
Fear\6_cam6_3,6,6,2,91
Fear\6_cam6_4,6,6,2,91
Fear\6_cam6_5,6,6,2,91
Fear\6_cam7_1,6,7,2,91
Fear\6_cam7_2,6,7,2,91
Fear\6_cam7_3,6,7,2,91
Fear\6_cam7_4,6,7,2,91
Fear\6_cam7_5,6,7,2,91
Happy\6_cam1_1,6,1,3,91
Happy\6_cam1_2,6,1,3,91
Happy\6_cam1_3,6,1,3,91
Happy\6_cam1_4,6,1,3,91
Happy\6_cam1_5,6,1,3,91
Happy\6_cam1_6,6,1,3,91
Happy\6_cam1_7,6,1,3,91
Happy\6_cam1_8,6,1,3,91
Happy\6_cam2_1,6,2,3,91
Happy\6_cam2_2,6,2,3,91
Happy\6_cam2_3,6,2,3,91
Happy\6_cam2_4,6,2,3,91
Happy\6_cam2_5,6,2,3,91
Happy\6_cam2_6,6,2,3,91
Happy\6_cam2_7,6,2,3,91
Happy\6_cam2_8,6,2,3,91
Happy\6_cam3_1,6,3,3,91
Happy\6_cam3_2,6,3,3,91
Happy\6_cam3_3,6,3,3,91
Happy\6_cam3_4,6,3,3,91
Happy\6_cam3_5,6,3,3,91
Happy\6_cam3_6,6,3,3,91
Happy\6_cam3_7,6,3,3,91
Happy\6_cam3_8,6,3,3,91
Happy\6_cam4_1,6,4,3,91
Happy\6_cam4_2,6,4,3,91
Happy\6_cam4_3,6,4,3,91
Happy\6_cam4_4,6,4,3,91
Happy\6_cam4_5,6,4,3,91
Happy\6_cam4_6,6,4,3,91
Happy\6_cam4_7,6,4,3,91
Happy\6_cam4_8,6,4,3,91
Happy\6_cam5_1,6,5,3,91
Happy\6_cam5_2,6,5,3,91
Happy\6_cam5_3,6,5,3,91
Happy\6_cam5_4,6,5,3,91
Happy\6_cam5_5,6,5,3,91
Happy\6_cam5_6,6,5,3,91
Happy\6_cam5_7,6,5,3,91
Happy\6_cam5_8,6,5,3,91
Happy\6_cam6_1,6,6,3,91
Happy\6_cam6_2,6,6,3,91
Happy\6_cam6_3,6,6,3,91
Happy\6_cam6_4,6,6,3,91
Happy\6_cam6_5,6,6,3,91
Happy\6_cam6_6,6,6,3,91
Happy\6_cam6_7,6,6,3,91
Happy\6_cam6_8,6,6,3,91
Happy\6_cam7_1,6,7,3,91
Happy\6_cam7_2,6,7,3,91
Happy\6_cam7_3,6,7,3,91
Happy\6_cam7_4,6,7,3,91
Happy\6_cam7_5,6,7,3,91
Happy\6_cam7_6,6,7,3,91
Happy\6_cam7_7,6,7,3,91
Happy\6_cam7_8,6,7,3,91
Neutral\6_cam1_1,6,1,4,91
Neutral\6_cam1_2,6,1,4,91
Neutral\6_cam1_3,6,1,4,91
Neutral\6_cam1_4,6,1,4,91
Neutral\6_cam1_5,6,1,4,91
Neutral\6_cam1_6,6,1,4,91
Neutral\6_cam1_7,6,1,4,91
Neutral\6_cam1_8,6,1,4,91
Neutral\6_cam2_1,6,2,4,91
Neutral\6_cam2_2,6,2,4,91
Neutral\6_cam2_3,6,2,4,91
Neutral\6_cam2_4,6,2,4,91
Neutral\6_cam2_5,6,2,4,91
Neutral\6_cam2_6,6,2,4,91
Neutral\6_cam2_7,6,2,4,91
Neutral\6_cam2_8,6,2,4,91
Neutral\6_cam3_1,6,3,4,91
Neutral\6_cam3_2,6,3,4,91
Neutral\6_cam3_3,6,3,4,91
Neutral\6_cam3_4,6,3,4,91
Neutral\6_cam3_5,6,3,4,91
Neutral\6_cam3_6,6,3,4,91
Neutral\6_cam3_7,6,3,4,91
Neutral\6_cam3_8,6,3,4,91
Neutral\6_cam4_1,6,4,4,91
Neutral\6_cam4_2,6,4,4,91
Neutral\6_cam4_3,6,4,4,91
Neutral\6_cam4_4,6,4,4,91
Neutral\6_cam4_5,6,4,4,91
Neutral\6_cam4_6,6,4,4,91
Neutral\6_cam4_7,6,4,4,91
Neutral\6_cam4_8,6,4,4,91
Neutral\6_cam5_1,6,5,4,91
Neutral\6_cam5_2,6,5,4,91
Neutral\6_cam5_3,6,5,4,91
Neutral\6_cam5_4,6,5,4,91
Neutral\6_cam5_5,6,5,4,91
Neutral\6_cam5_6,6,5,4,91
Neutral\6_cam5_7,6,5,4,91
Neutral\6_cam5_8,6,5,4,91
Neutral\6_cam6_1,6,6,4,91
Neutral\6_cam6_2,6,6,4,91
Neutral\6_cam6_3,6,6,4,91
Neutral\6_cam6_4,6,6,4,91
Neutral\6_cam6_5,6,6,4,91
Neutral\6_cam6_6,6,6,4,91
Neutral\6_cam6_7,6,6,4,91
Neutral\6_cam6_8,6,6,4,91
Neutral\6_cam7_1,6,7,4,91
Neutral\6_cam7_2,6,7,4,91
Neutral\6_cam7_3,6,7,4,91
Neutral\6_cam7_4,6,7,4,91
Neutral\6_cam7_5,6,7,4,91
Neutral\6_cam7_6,6,7,4,91
Neutral\6_cam7_7,6,7,4,91
Neutral\6_cam7_8,6,7,4,91
Sad\6_cam1_1,6,1,5,91
Sad\6_cam1_10,6,1,5,91
Sad\6_cam1_11,6,1,5,91
Sad\6_cam1_2,6,1,5,91
Sad\6_cam1_3,6,1,5,91
Sad\6_cam1_4,6,1,5,91
Sad\6_cam1_5,6,1,5,91
Sad\6_cam1_6,6,1,5,91
Sad\6_cam1_7,6,1,5,91
Sad\6_cam1_8,6,1,5,91
Sad\6_cam1_9,6,1,5,91
Sad\6_cam2_1,6,2,5,91
Sad\6_cam2_10,6,2,5,91
Sad\6_cam2_11,6,2,5,91
Sad\6_cam2_2,6,2,5,91
Sad\6_cam2_3,6,2,5,91
Sad\6_cam2_4,6,2,5,91
Sad\6_cam2_5,6,2,5,91
Sad\6_cam2_6,6,2,5,91
Sad\6_cam2_7,6,2,5,91
Sad\6_cam2_8,6,2,5,91
Sad\6_cam2_9,6,2,5,91
Sad\6_cam3_1,6,3,5,91
Sad\6_cam3_10,6,3,5,91
Sad\6_cam3_11,6,3,5,91
Sad\6_cam3_2,6,3,5,91
Sad\6_cam3_3,6,3,5,91
Sad\6_cam3_4,6,3,5,91
Sad\6_cam3_5,6,3,5,91
Sad\6_cam3_6,6,3,5,91
Sad\6_cam3_7,6,3,5,91
Sad\6_cam3_8,6,3,5,91
Sad\6_cam3_9,6,3,5,91
Sad\6_cam4_1,6,4,5,91
Sad\6_cam4_10,6,4,5,91
Sad\6_cam4_11,6,4,5,91
Sad\6_cam4_2,6,4,5,91
Sad\6_cam4_3,6,4,5,91
Sad\6_cam4_4,6,4,5,91
Sad\6_cam4_5,6,4,5,91
Sad\6_cam4_6,6,4,5,91
Sad\6_cam4_7,6,4,5,91
Sad\6_cam4_8,6,4,5,91
Sad\6_cam4_9,6,4,5,91
Sad\6_cam5_1,6,5,5,91
Sad\6_cam5_10,6,5,5,91
Sad\6_cam5_11,6,5,5,91
Sad\6_cam5_2,6,5,5,91
Sad\6_cam5_3,6,5,5,91
Sad\6_cam5_4,6,5,5,91
Sad\6_cam5_5,6,5,5,91
Sad\6_cam5_6,6,5,5,91
Sad\6_cam5_7,6,5,5,91
Sad\6_cam5_8,6,5,5,91
Sad\6_cam5_9,6,5,5,91
Sad\6_cam6_1,6,6,5,91
Sad\6_cam6_10,6,6,5,91
Sad\6_cam6_11,6,6,5,91
Sad\6_cam6_2,6,6,5,91
Sad\6_cam6_3,6,6,5,91
Sad\6_cam6_4,6,6,5,91
Sad\6_cam6_5,6,6,5,91
Sad\6_cam6_6,6,6,5,91
Sad\6_cam6_7,6,6,5,91
Sad\6_cam6_8,6,6,5,91
Sad\6_cam6_9,6,6,5,91
Sad\6_cam7_1,6,7,5,91
Sad\6_cam7_10,6,7,5,91
Sad\6_cam7_11,6,7,5,91
Sad\6_cam7_2,6,7,5,91
Sad\6_cam7_3,6,7,5,91
Sad\6_cam7_4,6,7,5,91
Sad\6_cam7_5,6,7,5,91
Sad\6_cam7_6,6,7,5,91
Sad\6_cam7_7,6,7,5,91
Sad\6_cam7_8,6,7,5,91
Sad\6_cam7_9,6,7,5,91
Surprise\6_cam1_1,6,1,6,91
Surprise\6_cam1_2,6,1,6,91
Surprise\6_cam1_3,6,1,6,91
Surprise\6_cam2_1,6,2,6,91
Surprise\6_cam2_2,6,2,6,91
Surprise\6_cam2_3,6,2,6,91
Surprise\6_cam3_1,6,3,6,91
Surprise\6_cam3_2,6,3,6,91
Surprise\6_cam3_3,6,3,6,91
Surprise\6_cam4_1,6,4,6,91
Surprise\6_cam4_2,6,4,6,91
Surprise\6_cam4_3,6,4,6,91
Surprise\6_cam5_1,6,5,6,91
Surprise\6_cam5_2,6,5,6,91
Surprise\6_cam5_3,6,5,6,91
Surprise\6_cam6_1,6,6,6,91
Surprise\6_cam6_2,6,6,6,91
Surprise\6_cam6_3,6,6,6,91
Surprise\6_cam7_1,6,7,6,91
Surprise\6_cam7_2,6,7,6,91
Surprise\6_cam7_3,6,7,6,91
Anger\8_cam1_1,8,1,0,91
Anger\8_cam1_10,8,1,0,91
Anger\8_cam1_11,8,1,0,91
Anger\8_cam1_12,8,1,0,91
Anger\8_cam1_13,8,1,0,91
Anger\8_cam1_14,8,1,0,91
Anger\8_cam1_15,8,1,0,91
Anger\8_cam1_16,8,1,0,91
Anger\8_cam1_17,8,1,0,91
Anger\8_cam1_18,8,1,0,91
Anger\8_cam1_19,8,1,0,91
Anger\8_cam1_2,8,1,0,91
Anger\8_cam1_20,8,1,0,91
Anger\8_cam1_21,8,1,0,91
Anger\8_cam1_22,8,1,0,91
Anger\8_cam1_3,8,1,0,91
Anger\8_cam1_4,8,1,0,91
Anger\8_cam1_5,8,1,0,91
Anger\8_cam1_6,8,1,0,91
Anger\8_cam1_7,8,1,0,91
Anger\8_cam1_8,8,1,0,91
Anger\8_cam1_9,8,1,0,91
Anger\8_cam2_1,8,2,0,91
Anger\8_cam2_10,8,2,0,91
Anger\8_cam2_11,8,2,0,91
Anger\8_cam2_12,8,2,0,91
Anger\8_cam2_13,8,2,0,91
Anger\8_cam2_14,8,2,0,91
Anger\8_cam2_15,8,2,0,91
Anger\8_cam2_16,8,2,0,91
Anger\8_cam2_17,8,2,0,91
Anger\8_cam2_18,8,2,0,91
Anger\8_cam2_19,8,2,0,91
Anger\8_cam2_2,8,2,0,91
Anger\8_cam2_20,8,2,0,91
Anger\8_cam2_21,8,2,0,91
Anger\8_cam2_22,8,2,0,91
Anger\8_cam2_3,8,2,0,91
Anger\8_cam2_4,8,2,0,91
Anger\8_cam2_5,8,2,0,91
Anger\8_cam2_6,8,2,0,91
Anger\8_cam2_7,8,2,0,91
Anger\8_cam2_8,8,2,0,91
Anger\8_cam2_9,8,2,0,91
Anger\8_cam3_1,8,3,0,91
Anger\8_cam3_10,8,3,0,91
Anger\8_cam3_11,8,3,0,91
Anger\8_cam3_12,8,3,0,91
Anger\8_cam3_13,8,3,0,91
Anger\8_cam3_14,8,3,0,91
Anger\8_cam3_15,8,3,0,91
Anger\8_cam3_16,8,3,0,91
Anger\8_cam3_17,8,3,0,91
Anger\8_cam3_18,8,3,0,91
Anger\8_cam3_19,8,3,0,91
Anger\8_cam3_2,8,3,0,91
Anger\8_cam3_20,8,3,0,91
Anger\8_cam3_21,8,3,0,91
Anger\8_cam3_22,8,3,0,91
Anger\8_cam3_3,8,3,0,91
Anger\8_cam3_4,8,3,0,91
Anger\8_cam3_5,8,3,0,91
Anger\8_cam3_6,8,3,0,91
Anger\8_cam3_7,8,3,0,91
Anger\8_cam3_8,8,3,0,91
Anger\8_cam3_9,8,3,0,91
Anger\8_cam4_1,8,4,0,91
Anger\8_cam4_10,8,4,0,91
Anger\8_cam4_11,8,4,0,91
Anger\8_cam4_12,8,4,0,91
Anger\8_cam4_13,8,4,0,91
Anger\8_cam4_14,8,4,0,91
Anger\8_cam4_15,8,4,0,91
Anger\8_cam4_16,8,4,0,91
Anger\8_cam4_17,8,4,0,91
Anger\8_cam4_18,8,4,0,91
Anger\8_cam4_19,8,4,0,91
Anger\8_cam4_2,8,4,0,91
Anger\8_cam4_20,8,4,0,91
Anger\8_cam4_21,8,4,0,91
Anger\8_cam4_22,8,4,0,91
Anger\8_cam4_3,8,4,0,91
Anger\8_cam4_4,8,4,0,91
Anger\8_cam4_5,8,4,0,91
Anger\8_cam4_6,8,4,0,91
Anger\8_cam4_7,8,4,0,91
Anger\8_cam4_8,8,4,0,91
Anger\8_cam4_9,8,4,0,91
Anger\8_cam5_1,8,5,0,91
Anger\8_cam5_10,8,5,0,91
Anger\8_cam5_11,8,5,0,91
Anger\8_cam5_12,8,5,0,91
Anger\8_cam5_13,8,5,0,91
Anger\8_cam5_14,8,5,0,91
Anger\8_cam5_15,8,5,0,91
Anger\8_cam5_16,8,5,0,91
Anger\8_cam5_17,8,5,0,91
Anger\8_cam5_18,8,5,0,91
Anger\8_cam5_19,8,5,0,91
Anger\8_cam5_2,8,5,0,91
Anger\8_cam5_20,8,5,0,91
Anger\8_cam5_21,8,5,0,91
Anger\8_cam5_22,8,5,0,91
Anger\8_cam5_3,8,5,0,91
Anger\8_cam5_4,8,5,0,91
Anger\8_cam5_5,8,5,0,91
Anger\8_cam5_6,8,5,0,91
Anger\8_cam5_7,8,5,0,91
Anger\8_cam5_8,8,5,0,91
Anger\8_cam5_9,8,5,0,91
Anger\8_cam6_1,8,6,0,91
Anger\8_cam6_10,8,6,0,91
Anger\8_cam6_11,8,6,0,91
Anger\8_cam6_12,8,6,0,91
Anger\8_cam6_13,8,6,0,91
Anger\8_cam6_14,8,6,0,91
Anger\8_cam6_15,8,6,0,91
Anger\8_cam6_16,8,6,0,91
Anger\8_cam6_17,8,6,0,91
Anger\8_cam6_18,8,6,0,91
Anger\8_cam6_19,8,6,0,91
Anger\8_cam6_2,8,6,0,91
Anger\8_cam6_20,8,6,0,91
Anger\8_cam6_21,8,6,0,91
Anger\8_cam6_22,8,6,0,91
Anger\8_cam6_3,8,6,0,91
Anger\8_cam6_4,8,6,0,91
Anger\8_cam6_5,8,6,0,91
Anger\8_cam6_6,8,6,0,91
Anger\8_cam6_7,8,6,0,91
Anger\8_cam6_8,8,6,0,91
Anger\8_cam6_9,8,6,0,91
Anger\8_cam7_1,8,7,0,91
Anger\8_cam7_10,8,7,0,91
Anger\8_cam7_11,8,7,0,91
Anger\8_cam7_12,8,7,0,91
Anger\8_cam7_13,8,7,0,91
Anger\8_cam7_14,8,7,0,91
Anger\8_cam7_15,8,7,0,91
Anger\8_cam7_16,8,7,0,91
Anger\8_cam7_17,8,7,0,91
Anger\8_cam7_18,8,7,0,91
Anger\8_cam7_19,8,7,0,91
Anger\8_cam7_2,8,7,0,91
Anger\8_cam7_20,8,7,0,91
Anger\8_cam7_21,8,7,0,91
Anger\8_cam7_22,8,7,0,91
Anger\8_cam7_3,8,7,0,91
Anger\8_cam7_4,8,7,0,91
Anger\8_cam7_5,8,7,0,91
Anger\8_cam7_6,8,7,0,91
Anger\8_cam7_7,8,7,0,91
Anger\8_cam7_8,8,7,0,91
Anger\8_cam7_9,8,7,0,91
Disgust\8_cam1_1,8,1,1,91
Disgust\8_cam1_2,8,1,1,91
Disgust\8_cam2_1,8,2,1,91
Disgust\8_cam2_2,8,2,1,91
Disgust\8_cam3_1,8,3,1,91
Disgust\8_cam3_2,8,3,1,91
Disgust\8_cam4_1,8,4,1,91
Disgust\8_cam4_2,8,4,1,91
Disgust\8_cam5_1,8,5,1,91
Disgust\8_cam5_2,8,5,1,91
Disgust\8_cam6_1,8,6,1,91
Disgust\8_cam6_2,8,6,1,91
Disgust\8_cam7_1,8,7,1,91
Disgust\8_cam7_2,8,7,1,91
Fear\8_cam1_1,8,1,2,91
Fear\8_cam1_10,8,1,2,91
Fear\8_cam1_11,8,1,2,91
Fear\8_cam1_2,8,1,2,91
Fear\8_cam1_3,8,1,2,91
Fear\8_cam1_4,8,1,2,91
Fear\8_cam1_5,8,1,2,91
Fear\8_cam1_6,8,1,2,91
Fear\8_cam1_7,8,1,2,91
Fear\8_cam1_8,8,1,2,91
Fear\8_cam1_9,8,1,2,91
Fear\8_cam2_1,8,2,2,91
Fear\8_cam2_10,8,2,2,91
Fear\8_cam2_11,8,2,2,91
Fear\8_cam2_2,8,2,2,91
Fear\8_cam2_3,8,2,2,91
Fear\8_cam2_4,8,2,2,91
Fear\8_cam2_5,8,2,2,91
Fear\8_cam2_6,8,2,2,91
Fear\8_cam2_7,8,2,2,91
Fear\8_cam2_8,8,2,2,91
Fear\8_cam2_9,8,2,2,91
Fear\8_cam3_1,8,3,2,91
Fear\8_cam3_10,8,3,2,91
Fear\8_cam3_11,8,3,2,91
Fear\8_cam3_2,8,3,2,91
Fear\8_cam3_3,8,3,2,91
Fear\8_cam3_4,8,3,2,91
Fear\8_cam3_5,8,3,2,91
Fear\8_cam3_6,8,3,2,91
Fear\8_cam3_7,8,3,2,91
Fear\8_cam3_8,8,3,2,91
Fear\8_cam3_9,8,3,2,91
Fear\8_cam4_1,8,4,2,91
Fear\8_cam4_10,8,4,2,91
Fear\8_cam4_11,8,4,2,91
Fear\8_cam4_2,8,4,2,91
Fear\8_cam4_3,8,4,2,91
Fear\8_cam4_4,8,4,2,91
Fear\8_cam4_5,8,4,2,91
Fear\8_cam4_6,8,4,2,91
Fear\8_cam4_7,8,4,2,91
Fear\8_cam4_8,8,4,2,91
Fear\8_cam4_9,8,4,2,91
Fear\8_cam5_1,8,5,2,91
Fear\8_cam5_10,8,5,2,91
Fear\8_cam5_11,8,5,2,91
Fear\8_cam5_2,8,5,2,91
Fear\8_cam5_3,8,5,2,91
Fear\8_cam5_4,8,5,2,91
Fear\8_cam5_5,8,5,2,91
Fear\8_cam5_6,8,5,2,91
Fear\8_cam5_7,8,5,2,91
Fear\8_cam5_8,8,5,2,91
Fear\8_cam5_9,8,5,2,91
Fear\8_cam6_1,8,6,2,91
Fear\8_cam6_10,8,6,2,91
Fear\8_cam6_11,8,6,2,91
Fear\8_cam6_2,8,6,2,91
Fear\8_cam6_3,8,6,2,91
Fear\8_cam6_4,8,6,2,91
Fear\8_cam6_5,8,6,2,91
Fear\8_cam6_6,8,6,2,91
Fear\8_cam6_7,8,6,2,91
Fear\8_cam6_8,8,6,2,91
Fear\8_cam6_9,8,6,2,91
Fear\8_cam7_1,8,7,2,91
Fear\8_cam7_10,8,7,2,91
Fear\8_cam7_11,8,7,2,91
Fear\8_cam7_2,8,7,2,91
Fear\8_cam7_3,8,7,2,91
Fear\8_cam7_4,8,7,2,91
Fear\8_cam7_5,8,7,2,91
Fear\8_cam7_6,8,7,2,91
Fear\8_cam7_7,8,7,2,91
Fear\8_cam7_8,8,7,2,91
Fear\8_cam7_9,8,7,2,91
Happy\8_cam1_1,8,1,3,91
Happy\8_cam1_10,8,1,3,91
Happy\8_cam1_11,8,1,3,91
Happy\8_cam1_12,8,1,3,91
Happy\8_cam1_13,8,1,3,91
Happy\8_cam1_14,8,1,3,91
Happy\8_cam1_15,8,1,3,91
Happy\8_cam1_16,8,1,3,91
Happy\8_cam1_17,8,1,3,91
Happy\8_cam1_2,8,1,3,91
Happy\8_cam1_3,8,1,3,91
Happy\8_cam1_4,8,1,3,91
Happy\8_cam1_5,8,1,3,91
Happy\8_cam1_6,8,1,3,91
Happy\8_cam1_7,8,1,3,91
Happy\8_cam1_8,8,1,3,91
Happy\8_cam1_9,8,1,3,91
Happy\8_cam2_1,8,2,3,91
Happy\8_cam2_10,8,2,3,91
Happy\8_cam2_11,8,2,3,91
Happy\8_cam2_12,8,2,3,91
Happy\8_cam2_13,8,2,3,91
Happy\8_cam2_14,8,2,3,91
Happy\8_cam2_15,8,2,3,91
Happy\8_cam2_16,8,2,3,91
Happy\8_cam2_17,8,2,3,91
Happy\8_cam2_2,8,2,3,91
Happy\8_cam2_3,8,2,3,91
Happy\8_cam2_4,8,2,3,91
Happy\8_cam2_5,8,2,3,91
Happy\8_cam2_6,8,2,3,91
Happy\8_cam2_7,8,2,3,91
Happy\8_cam2_8,8,2,3,91
Happy\8_cam2_9,8,2,3,91
Happy\8_cam3_1,8,3,3,91
Happy\8_cam3_10,8,3,3,91
Happy\8_cam3_11,8,3,3,91
Happy\8_cam3_12,8,3,3,91
Happy\8_cam3_13,8,3,3,91
Happy\8_cam3_14,8,3,3,91
Happy\8_cam3_15,8,3,3,91
Happy\8_cam3_16,8,3,3,91
Happy\8_cam3_17,8,3,3,91
Happy\8_cam3_2,8,3,3,91
Happy\8_cam3_3,8,3,3,91
Happy\8_cam3_4,8,3,3,91
Happy\8_cam3_5,8,3,3,91
Happy\8_cam3_6,8,3,3,91
Happy\8_cam3_7,8,3,3,91
Happy\8_cam3_8,8,3,3,91
Happy\8_cam3_9,8,3,3,91
Happy\8_cam4_1,8,4,3,91
Happy\8_cam4_10,8,4,3,91
Happy\8_cam4_11,8,4,3,91
Happy\8_cam4_12,8,4,3,91
Happy\8_cam4_13,8,4,3,91
Happy\8_cam4_14,8,4,3,91
Happy\8_cam4_15,8,4,3,91
Happy\8_cam4_16,8,4,3,91
Happy\8_cam4_17,8,4,3,91
Happy\8_cam4_2,8,4,3,91
Happy\8_cam4_3,8,4,3,91
Happy\8_cam4_4,8,4,3,91
Happy\8_cam4_5,8,4,3,91
Happy\8_cam4_6,8,4,3,91
Happy\8_cam4_7,8,4,3,91
Happy\8_cam4_8,8,4,3,91
Happy\8_cam4_9,8,4,3,91
Happy\8_cam5_1,8,5,3,91
Happy\8_cam5_10,8,5,3,91
Happy\8_cam5_11,8,5,3,91
Happy\8_cam5_12,8,5,3,91
Happy\8_cam5_13,8,5,3,91
Happy\8_cam5_14,8,5,3,91
Happy\8_cam5_15,8,5,3,91
Happy\8_cam5_16,8,5,3,91
Happy\8_cam5_17,8,5,3,91
Happy\8_cam5_2,8,5,3,91
Happy\8_cam5_3,8,5,3,91
Happy\8_cam5_4,8,5,3,91
Happy\8_cam5_5,8,5,3,91
Happy\8_cam5_6,8,5,3,91
Happy\8_cam5_7,8,5,3,91
Happy\8_cam5_8,8,5,3,91
Happy\8_cam5_9,8,5,3,91
Happy\8_cam6_1,8,6,3,91
Happy\8_cam6_10,8,6,3,91
Happy\8_cam6_11,8,6,3,91
Happy\8_cam6_12,8,6,3,91
Happy\8_cam6_13,8,6,3,91
Happy\8_cam6_14,8,6,3,91
Happy\8_cam6_15,8,6,3,91
Happy\8_cam6_16,8,6,3,91
Happy\8_cam6_17,8,6,3,91
Happy\8_cam6_2,8,6,3,91
Happy\8_cam6_3,8,6,3,91
Happy\8_cam6_4,8,6,3,91
Happy\8_cam6_5,8,6,3,91
Happy\8_cam6_6,8,6,3,91
Happy\8_cam6_7,8,6,3,91
Happy\8_cam6_8,8,6,3,91
Happy\8_cam6_9,8,6,3,91
Happy\8_cam7_1,8,7,3,91
Happy\8_cam7_10,8,7,3,91
Happy\8_cam7_11,8,7,3,91
Happy\8_cam7_12,8,7,3,91
Happy\8_cam7_13,8,7,3,91
Happy\8_cam7_14,8,7,3,91
Happy\8_cam7_15,8,7,3,91
Happy\8_cam7_16,8,7,3,91
Happy\8_cam7_17,8,7,3,91
Happy\8_cam7_2,8,7,3,91
Happy\8_cam7_3,8,7,3,91
Happy\8_cam7_4,8,7,3,91
Happy\8_cam7_5,8,7,3,91
Happy\8_cam7_6,8,7,3,91
Happy\8_cam7_7,8,7,3,91
Happy\8_cam7_8,8,7,3,91
Happy\8_cam7_9,8,7,3,91
Neutral\8_cam1_1,8,1,4,91
Neutral\8_cam1_2,8,1,4,91
Neutral\8_cam1_3,8,1,4,91
Neutral\8_cam1_4,8,1,4,91
Neutral\8_cam1_5,8,1,4,91
Neutral\8_cam1_6,8,1,4,91
Neutral\8_cam1_7,8,1,4,91
Neutral\8_cam1_8,8,1,4,91
Neutral\8_cam1_9,8,1,4,91
Neutral\8_cam2_1,8,2,4,91
Neutral\8_cam2_2,8,2,4,91
Neutral\8_cam2_3,8,2,4,91
Neutral\8_cam2_4,8,2,4,91
Neutral\8_cam2_5,8,2,4,91
Neutral\8_cam2_6,8,2,4,91
Neutral\8_cam2_7,8,2,4,91
Neutral\8_cam2_8,8,2,4,91
Neutral\8_cam2_9,8,2,4,91
Neutral\8_cam3_1,8,3,4,91
Neutral\8_cam3_2,8,3,4,91
Neutral\8_cam3_3,8,3,4,91
Neutral\8_cam3_4,8,3,4,91
Neutral\8_cam3_5,8,3,4,91
Neutral\8_cam3_6,8,3,4,91
Neutral\8_cam3_7,8,3,4,91
Neutral\8_cam3_8,8,3,4,91
Neutral\8_cam3_9,8,3,4,91
Neutral\8_cam4_1,8,4,4,91
Neutral\8_cam4_2,8,4,4,91
Neutral\8_cam4_3,8,4,4,91
Neutral\8_cam4_4,8,4,4,91
Neutral\8_cam4_5,8,4,4,91
Neutral\8_cam4_6,8,4,4,91
Neutral\8_cam4_7,8,4,4,91
Neutral\8_cam4_8,8,4,4,91
Neutral\8_cam4_9,8,4,4,91
Neutral\8_cam5_1,8,5,4,91
Neutral\8_cam5_2,8,5,4,91
Neutral\8_cam5_3,8,5,4,91
Neutral\8_cam5_4,8,5,4,91
Neutral\8_cam5_5,8,5,4,91
Neutral\8_cam5_6,8,5,4,91
Neutral\8_cam5_7,8,5,4,91
Neutral\8_cam5_8,8,5,4,91
Neutral\8_cam5_9,8,5,4,91
Neutral\8_cam6_1,8,6,4,91
Neutral\8_cam6_2,8,6,4,91
Neutral\8_cam6_3,8,6,4,91
Neutral\8_cam6_4,8,6,4,91
Neutral\8_cam6_5,8,6,4,91
Neutral\8_cam6_6,8,6,4,91
Neutral\8_cam6_7,8,6,4,91
Neutral\8_cam6_8,8,6,4,91
Neutral\8_cam6_9,8,6,4,91
Neutral\8_cam7_1,8,7,4,91
Neutral\8_cam7_2,8,7,4,91
Neutral\8_cam7_3,8,7,4,91
Neutral\8_cam7_4,8,7,4,91
Neutral\8_cam7_5,8,7,4,91
Neutral\8_cam7_6,8,7,4,91
Neutral\8_cam7_7,8,7,4,91
Neutral\8_cam7_8,8,7,4,91
Neutral\8_cam7_9,8,7,4,91
Sad\8_cam1_1,8,1,5,91
Sad\8_cam1_10,8,1,5,91
Sad\8_cam1_11,8,1,5,91
Sad\8_cam1_12,8,1,5,91
Sad\8_cam1_13,8,1,5,91
Sad\8_cam1_14,8,1,5,91
Sad\8_cam1_15,8,1,5,91
Sad\8_cam1_16,8,1,5,91
Sad\8_cam1_17,8,1,5,91
Sad\8_cam1_18,8,1,5,91
Sad\8_cam1_19,8,1,5,91
Sad\8_cam1_2,8,1,5,91
Sad\8_cam1_20,8,1,5,91
Sad\8_cam1_21,8,1,5,91
Sad\8_cam1_22,8,1,5,91
Sad\8_cam1_23,8,1,5,91
Sad\8_cam1_24,8,1,5,91
Sad\8_cam1_25,8,1,5,91
Sad\8_cam1_26,8,1,5,91
Sad\8_cam1_27,8,1,5,91
Sad\8_cam1_28,8,1,5,91
Sad\8_cam1_29,8,1,5,91
Sad\8_cam1_3,8,1,5,91
Sad\8_cam1_30,8,1,5,91
Sad\8_cam1_31,8,1,5,91
Sad\8_cam1_32,8,1,5,91
Sad\8_cam1_33,8,1,5,91
Sad\8_cam1_34,8,1,5,91
Sad\8_cam1_35,8,1,5,91
Sad\8_cam1_4,8,1,5,91
Sad\8_cam1_5,8,1,5,91
Sad\8_cam1_6,8,1,5,91
Sad\8_cam1_7,8,1,5,91
Sad\8_cam1_8,8,1,5,91
Sad\8_cam1_9,8,1,5,91
Sad\8_cam2_1,8,2,5,91
Sad\8_cam2_10,8,2,5,91
Sad\8_cam2_11,8,2,5,91
Sad\8_cam2_12,8,2,5,91
Sad\8_cam2_13,8,2,5,91
Sad\8_cam2_14,8,2,5,91
Sad\8_cam2_15,8,2,5,91
Sad\8_cam2_16,8,2,5,91
Sad\8_cam2_17,8,2,5,91
Sad\8_cam2_18,8,2,5,91
Sad\8_cam2_19,8,2,5,91
Sad\8_cam2_2,8,2,5,91
Sad\8_cam2_20,8,2,5,91
Sad\8_cam2_21,8,2,5,91
Sad\8_cam2_22,8,2,5,91
Sad\8_cam2_23,8,2,5,91
Sad\8_cam2_24,8,2,5,91
Sad\8_cam2_25,8,2,5,91
Sad\8_cam2_26,8,2,5,91
Sad\8_cam2_27,8,2,5,91
Sad\8_cam2_28,8,2,5,91
Sad\8_cam2_29,8,2,5,91
Sad\8_cam2_3,8,2,5,91
Sad\8_cam2_30,8,2,5,91
Sad\8_cam2_31,8,2,5,91
Sad\8_cam2_32,8,2,5,91
Sad\8_cam2_33,8,2,5,91
Sad\8_cam2_34,8,2,5,91
Sad\8_cam2_35,8,2,5,91
Sad\8_cam2_4,8,2,5,91
Sad\8_cam2_5,8,2,5,91
Sad\8_cam2_6,8,2,5,91
Sad\8_cam2_7,8,2,5,91
Sad\8_cam2_8,8,2,5,91
Sad\8_cam2_9,8,2,5,91
Sad\8_cam3_1,8,3,5,91
Sad\8_cam3_10,8,3,5,91
Sad\8_cam3_11,8,3,5,91
Sad\8_cam3_12,8,3,5,91
Sad\8_cam3_13,8,3,5,91
Sad\8_cam3_14,8,3,5,91
Sad\8_cam3_15,8,3,5,91
Sad\8_cam3_16,8,3,5,91
Sad\8_cam3_17,8,3,5,91
Sad\8_cam3_18,8,3,5,91
Sad\8_cam3_19,8,3,5,91
Sad\8_cam3_2,8,3,5,91
Sad\8_cam3_20,8,3,5,91
Sad\8_cam3_21,8,3,5,91
Sad\8_cam3_22,8,3,5,91
Sad\8_cam3_23,8,3,5,91
Sad\8_cam3_24,8,3,5,91
Sad\8_cam3_25,8,3,5,91
Sad\8_cam3_26,8,3,5,91
Sad\8_cam3_27,8,3,5,91
Sad\8_cam3_28,8,3,5,91
Sad\8_cam3_29,8,3,5,91
Sad\8_cam3_3,8,3,5,91
Sad\8_cam3_30,8,3,5,91
Sad\8_cam3_31,8,3,5,91
Sad\8_cam3_32,8,3,5,91
Sad\8_cam3_33,8,3,5,91
Sad\8_cam3_34,8,3,5,91
Sad\8_cam3_35,8,3,5,91
Sad\8_cam3_4,8,3,5,91
Sad\8_cam3_5,8,3,5,91
Sad\8_cam3_6,8,3,5,91
Sad\8_cam3_7,8,3,5,91
Sad\8_cam3_8,8,3,5,91
Sad\8_cam3_9,8,3,5,91
Sad\8_cam4_1,8,4,5,91
Sad\8_cam4_10,8,4,5,91
Sad\8_cam4_11,8,4,5,91
Sad\8_cam4_12,8,4,5,91
Sad\8_cam4_13,8,4,5,91
Sad\8_cam4_14,8,4,5,91
Sad\8_cam4_15,8,4,5,91
Sad\8_cam4_16,8,4,5,91
Sad\8_cam4_17,8,4,5,91
Sad\8_cam4_18,8,4,5,91
Sad\8_cam4_19,8,4,5,91
Sad\8_cam4_2,8,4,5,91
Sad\8_cam4_20,8,4,5,91
Sad\8_cam4_21,8,4,5,91
Sad\8_cam4_22,8,4,5,91
Sad\8_cam4_23,8,4,5,91
Sad\8_cam4_24,8,4,5,91
Sad\8_cam4_25,8,4,5,91
Sad\8_cam4_26,8,4,5,91
Sad\8_cam4_27,8,4,5,91
Sad\8_cam4_28,8,4,5,91
Sad\8_cam4_29,8,4,5,91
Sad\8_cam4_3,8,4,5,91
Sad\8_cam4_30,8,4,5,91
Sad\8_cam4_31,8,4,5,91
Sad\8_cam4_32,8,4,5,91
Sad\8_cam4_33,8,4,5,91
Sad\8_cam4_34,8,4,5,91
Sad\8_cam4_35,8,4,5,91
Sad\8_cam4_4,8,4,5,91
Sad\8_cam4_5,8,4,5,91
Sad\8_cam4_6,8,4,5,91
Sad\8_cam4_7,8,4,5,91
Sad\8_cam4_8,8,4,5,91
Sad\8_cam4_9,8,4,5,91
Sad\8_cam5_1,8,5,5,91
Sad\8_cam5_10,8,5,5,91
Sad\8_cam5_11,8,5,5,91
Sad\8_cam5_12,8,5,5,91
Sad\8_cam5_13,8,5,5,91
Sad\8_cam5_14,8,5,5,91
Sad\8_cam5_15,8,5,5,91
Sad\8_cam5_16,8,5,5,91
Sad\8_cam5_17,8,5,5,91
Sad\8_cam5_18,8,5,5,91
Sad\8_cam5_19,8,5,5,91
Sad\8_cam5_2,8,5,5,91
Sad\8_cam5_20,8,5,5,91
Sad\8_cam5_21,8,5,5,91
Sad\8_cam5_22,8,5,5,91
Sad\8_cam5_23,8,5,5,91
Sad\8_cam5_24,8,5,5,91
Sad\8_cam5_25,8,5,5,91
Sad\8_cam5_26,8,5,5,91
Sad\8_cam5_27,8,5,5,91
Sad\8_cam5_28,8,5,5,91
Sad\8_cam5_29,8,5,5,91
Sad\8_cam5_3,8,5,5,91
Sad\8_cam5_30,8,5,5,91
Sad\8_cam5_31,8,5,5,91
Sad\8_cam5_32,8,5,5,91
Sad\8_cam5_33,8,5,5,91
Sad\8_cam5_34,8,5,5,91
Sad\8_cam5_35,8,5,5,91
Sad\8_cam5_4,8,5,5,91
Sad\8_cam5_5,8,5,5,91
Sad\8_cam5_6,8,5,5,91
Sad\8_cam5_7,8,5,5,91
Sad\8_cam5_8,8,5,5,91
Sad\8_cam5_9,8,5,5,91
Sad\8_cam6_1,8,6,5,91
Sad\8_cam6_10,8,6,5,91
Sad\8_cam6_11,8,6,5,91
Sad\8_cam6_12,8,6,5,91
Sad\8_cam6_13,8,6,5,91
Sad\8_cam6_14,8,6,5,91
Sad\8_cam6_15,8,6,5,91
Sad\8_cam6_16,8,6,5,91
Sad\8_cam6_17,8,6,5,91
Sad\8_cam6_18,8,6,5,91
Sad\8_cam6_19,8,6,5,91
Sad\8_cam6_2,8,6,5,91
Sad\8_cam6_20,8,6,5,91
Sad\8_cam6_21,8,6,5,91
Sad\8_cam6_22,8,6,5,91
Sad\8_cam6_23,8,6,5,91
Sad\8_cam6_24,8,6,5,91
Sad\8_cam6_25,8,6,5,91
Sad\8_cam6_26,8,6,5,91
Sad\8_cam6_27,8,6,5,91
Sad\8_cam6_28,8,6,5,91
Sad\8_cam6_29,8,6,5,91
Sad\8_cam6_3,8,6,5,91
Sad\8_cam6_30,8,6,5,91
Sad\8_cam6_31,8,6,5,91
Sad\8_cam6_32,8,6,5,91
Sad\8_cam6_33,8,6,5,91
Sad\8_cam6_34,8,6,5,91
Sad\8_cam6_35,8,6,5,91
Sad\8_cam6_4,8,6,5,91
Sad\8_cam6_5,8,6,5,91
Sad\8_cam6_6,8,6,5,91
Sad\8_cam6_7,8,6,5,91
Sad\8_cam6_8,8,6,5,91
Sad\8_cam6_9,8,6,5,91
Sad\8_cam7_1,8,7,5,91
Sad\8_cam7_10,8,7,5,91
Sad\8_cam7_11,8,7,5,91
Sad\8_cam7_12,8,7,5,91
Sad\8_cam7_13,8,7,5,91
Sad\8_cam7_14,8,7,5,91
Sad\8_cam7_15,8,7,5,91
Sad\8_cam7_16,8,7,5,91
Sad\8_cam7_17,8,7,5,91
Sad\8_cam7_18,8,7,5,91
Sad\8_cam7_19,8,7,5,91
Sad\8_cam7_2,8,7,5,91
Sad\8_cam7_20,8,7,5,91
Sad\8_cam7_21,8,7,5,91
Sad\8_cam7_22,8,7,5,91
Sad\8_cam7_23,8,7,5,91
Sad\8_cam7_24,8,7,5,91
Sad\8_cam7_25,8,7,5,91
Sad\8_cam7_26,8,7,5,91
Sad\8_cam7_27,8,7,5,91
Sad\8_cam7_28,8,7,5,91
Sad\8_cam7_29,8,7,5,91
Sad\8_cam7_3,8,7,5,91
Sad\8_cam7_30,8,7,5,91
Sad\8_cam7_31,8,7,5,91
Sad\8_cam7_32,8,7,5,91
Sad\8_cam7_33,8,7,5,91
Sad\8_cam7_34,8,7,5,91
Sad\8_cam7_35,8,7,5,91
Sad\8_cam7_4,8,7,5,91
Sad\8_cam7_5,8,7,5,91
Sad\8_cam7_6,8,7,5,91
Sad\8_cam7_7,8,7,5,91
Sad\8_cam7_8,8,7,5,91
Sad\8_cam7_9,8,7,5,91
Surprise\8_cam1_1,8,1,6,91
Surprise\8_cam1_10,8,1,6,91
Surprise\8_cam1_11,8,1,6,91
Surprise\8_cam1_12,8,1,6,91
Surprise\8_cam1_13,8,1,6,91
Surprise\8_cam1_14,8,1,6,91
Surprise\8_cam1_15,8,1,6,91
Surprise\8_cam1_16,8,1,6,91
Surprise\8_cam1_17,8,1,6,91
Surprise\8_cam1_18,8,1,6,91
Surprise\8_cam1_19,8,1,6,91
Surprise\8_cam1_2,8,1,6,91
Surprise\8_cam1_20,8,1,6,91
Surprise\8_cam1_3,8,1,6,91
Surprise\8_cam1_4,8,1,6,91
Surprise\8_cam1_5,8,1,6,91
Surprise\8_cam1_6,8,1,6,91
Surprise\8_cam1_7,8,1,6,91
Surprise\8_cam1_8,8,1,6,91
Surprise\8_cam1_9,8,1,6,91
Surprise\8_cam2_1,8,2,6,91
Surprise\8_cam2_10,8,2,6,91
Surprise\8_cam2_11,8,2,6,91
Surprise\8_cam2_12,8,2,6,91
Surprise\8_cam2_13,8,2,6,91
Surprise\8_cam2_14,8,2,6,91
Surprise\8_cam2_15,8,2,6,91
Surprise\8_cam2_16,8,2,6,91
Surprise\8_cam2_17,8,2,6,91
Surprise\8_cam2_18,8,2,6,91
Surprise\8_cam2_19,8,2,6,91
Surprise\8_cam2_2,8,2,6,91
Surprise\8_cam2_20,8,2,6,91
Surprise\8_cam2_3,8,2,6,91
Surprise\8_cam2_4,8,2,6,91
Surprise\8_cam2_5,8,2,6,91
Surprise\8_cam2_6,8,2,6,91
Surprise\8_cam2_7,8,2,6,91
Surprise\8_cam2_8,8,2,6,91
Surprise\8_cam2_9,8,2,6,91
Surprise\8_cam3_1,8,3,6,91
Surprise\8_cam3_10,8,3,6,91
Surprise\8_cam3_11,8,3,6,91
Surprise\8_cam3_12,8,3,6,91
Surprise\8_cam3_13,8,3,6,91
Surprise\8_cam3_14,8,3,6,91
Surprise\8_cam3_15,8,3,6,91
Surprise\8_cam3_16,8,3,6,91
Surprise\8_cam3_17,8,3,6,91
Surprise\8_cam3_18,8,3,6,91
Surprise\8_cam3_19,8,3,6,91
Surprise\8_cam3_2,8,3,6,91
Surprise\8_cam3_20,8,3,6,91
Surprise\8_cam3_3,8,3,6,91
Surprise\8_cam3_4,8,3,6,91
Surprise\8_cam3_5,8,3,6,91
Surprise\8_cam3_6,8,3,6,91
Surprise\8_cam3_7,8,3,6,91
Surprise\8_cam3_8,8,3,6,91
Surprise\8_cam3_9,8,3,6,91
Surprise\8_cam4_1,8,4,6,91
Surprise\8_cam4_10,8,4,6,91
Surprise\8_cam4_11,8,4,6,91
Surprise\8_cam4_12,8,4,6,91
Surprise\8_cam4_13,8,4,6,91
Surprise\8_cam4_14,8,4,6,91
Surprise\8_cam4_15,8,4,6,91
Surprise\8_cam4_16,8,4,6,91
Surprise\8_cam4_17,8,4,6,91
Surprise\8_cam4_18,8,4,6,91
Surprise\8_cam4_19,8,4,6,91
Surprise\8_cam4_2,8,4,6,91
Surprise\8_cam4_20,8,4,6,91
Surprise\8_cam4_3,8,4,6,91
Surprise\8_cam4_4,8,4,6,91
Surprise\8_cam4_5,8,4,6,91
Surprise\8_cam4_6,8,4,6,91
Surprise\8_cam4_7,8,4,6,91
Surprise\8_cam4_8,8,4,6,91
Surprise\8_cam4_9,8,4,6,91
Surprise\8_cam5_1,8,5,6,91
Surprise\8_cam5_10,8,5,6,91
Surprise\8_cam5_11,8,5,6,91
Surprise\8_cam5_12,8,5,6,91
Surprise\8_cam5_13,8,5,6,91
Surprise\8_cam5_14,8,5,6,91
Surprise\8_cam5_15,8,5,6,91
Surprise\8_cam5_16,8,5,6,91
Surprise\8_cam5_17,8,5,6,91
Surprise\8_cam5_18,8,5,6,91
Surprise\8_cam5_19,8,5,6,91
Surprise\8_cam5_2,8,5,6,91
Surprise\8_cam5_20,8,5,6,91
Surprise\8_cam5_3,8,5,6,91
Surprise\8_cam5_4,8,5,6,91
Surprise\8_cam5_5,8,5,6,91
Surprise\8_cam5_6,8,5,6,91
Surprise\8_cam5_7,8,5,6,91
Surprise\8_cam5_8,8,5,6,91
Surprise\8_cam5_9,8,5,6,91
Surprise\8_cam6_1,8,6,6,91
Surprise\8_cam6_10,8,6,6,91
Surprise\8_cam6_11,8,6,6,91
Surprise\8_cam6_12,8,6,6,91
Surprise\8_cam6_13,8,6,6,91
Surprise\8_cam6_14,8,6,6,91
Surprise\8_cam6_15,8,6,6,91
Surprise\8_cam6_16,8,6,6,91
Surprise\8_cam6_17,8,6,6,91
Surprise\8_cam6_18,8,6,6,91
Surprise\8_cam6_19,8,6,6,91
Surprise\8_cam6_2,8,6,6,91
Surprise\8_cam6_20,8,6,6,91
Surprise\8_cam6_3,8,6,6,91
Surprise\8_cam6_4,8,6,6,91
Surprise\8_cam6_5,8,6,6,91
Surprise\8_cam6_6,8,6,6,91
Surprise\8_cam6_7,8,6,6,91
Surprise\8_cam6_8,8,6,6,91
Surprise\8_cam6_9,8,6,6,91
Surprise\8_cam7_1,8,7,6,91
Surprise\8_cam7_10,8,7,6,91
Surprise\8_cam7_11,8,7,6,91
Surprise\8_cam7_12,8,7,6,91
Surprise\8_cam7_13,8,7,6,91
Surprise\8_cam7_14,8,7,6,91
Surprise\8_cam7_15,8,7,6,91
Surprise\8_cam7_16,8,7,6,91
Surprise\8_cam7_17,8,7,6,91
Surprise\8_cam7_18,8,7,6,91
Surprise\8_cam7_19,8,7,6,91
Surprise\8_cam7_2,8,7,6,91
Surprise\8_cam7_20,8,7,6,91
Surprise\8_cam7_3,8,7,6,91
Surprise\8_cam7_4,8,7,6,91
Surprise\8_cam7_5,8,7,6,91
Surprise\8_cam7_6,8,7,6,91
Surprise\8_cam7_7,8,7,6,91
Surprise\8_cam7_8,8,7,6,91
Surprise\8_cam7_9,8,7,6,91
